cliente_id,edad,genero,region,antiguedad_dias,nivel_membresia,paginas_vistas_7d,tiempo_sesion_min,visitas_7d,busquedas_7d,items_carrito,abandono_carrito,categoria_favorita,compras_30d,compras_90d,ticket_promedio,devolucion_30d,calificacion_promedio,descuento_usado,comprara,genero_cod,membresia_cod,region_cod,categoria_cod
1,56,M,Oeste,1240,Bronce,91,19.43,20,38,8,1,Ropa,4,3,60.87,1,4.0,1,1,0,0,4,1
2,46,F,Centro,407,Plata,52,6.86,16,35,10,0,Deportes,0,18,248.04,0,1.5,1,1,1,1,2,3
3,32,M,Sur,399,Plata,105,2.39,14,29,8,0,Ropa,5,19,160.45,0,2.5,1,1,0,1,1,1
4,60,F,Este,715,Plata,70,3.47,5,22,5,0,Deportes,4,6,42.4,0,3.3,1,0,1,1,3,3
5,25,F,Centro,704,Bronce,1,5.64,15,18,6,0,Deportes,0,7,50.86,0,3.9,1,1,1,0,2,3
6,38,F,Centro,761,Bronce,105,15.16,16,11,1,1,Libros,4,16,54.04,0,1.0,0,0,1,0,2,4
7,56,M,Oeste,499,Oro,23,7.62,2,14,14,0,Libros,3,12,88.72,0,2.0,1,0,0,2,4,4
8,36,M,Centro,1778,Bronce,3,0.1,9,30,8,0,Libros,6,10,37.04,1,3.2,0,1,0,0,2,4
9,40,M,Sur,1489,Plata,107,11.12,4,42,11,0,Deportes,1,0,288.55,1,3.1,0,0,0,1,1,3
10,28,F,Sur,1715,Plata,18,38.17,13,36,12,1,Deportes,4,1,85.06,0,3.6,1,0,1,1,1,3
11,28,F,Norte,974,Plata,25,25.08,25,36,0,0,Ropa,3,16,50.79,0,2.2,1,0,1,1,0,1
12,41,Otro,Sur,1755,Bronce,74,26.16,28,14,0,0,Hogar,6,4,92.85,0,3.2,0,1,2,0,1,2
13,53,M,Centro,82,Bronce,39,23.78,20,28,2,0,Libros,6,5,50.26,0,1.8,1,0,0,0,2,4
14,57,F,Sur,604,Plata,49,5.87,12,49,11,1,Ropa,2,6,146.21,0,1.7,1,1,1,1,1,1
15,41,F,Oeste,1711,Oro,42,21.73,25,42,5,0,Ropa,7,14,77.12,0,3.3,1,1,1,2,4,1
16,20,M,Norte,1775,Oro,74,2.32,5,25,4,1,Electronica,0,18,13.43,1,3.7,1,1,0,2,0,0
17,39,M,Centro,772,Bronce,108,16.08,11,43,14,1,Libros,2,15,25.56,0,1.5,0,1,0,0,2,4
18,19,F,Norte,903,Bronce,66,15.39,25,1,1,0,Ropa,7,12,170.19,0,1.5,1,1,1,0,0,1
19,41,F,Centro,365,Oro,11,0.39,7,19,8,1,Electronica,7,4,76.21,0,3.3,1,1,1,2,2,0
20,61,F,Oeste,163,Plata,66,23.27,4,14,13,0,Libros,5,2,250.21,0,2.1,1,1,1,1,4,4
21,47,M,Norte,1072,Oro,105,35.03,29,3,12,1,Deportes,3,2,16.01,0,2.6,1,1,0,2,0,3
22,55,F,Este,511,Bronce,26,4.67,14,21,9,0,Electronica,2,18,37.99,0,2.6,0,0,1,0,3,0
23,19,M,Centro,1353,Plata,112,25.1,26,49,13,0,Deportes,2,13,27.21,0,1.7,0,1,0,1,2,3
24,38,M,Este,116,Plata,53,1.29,15,37,3,0,Hogar,7,15,74.57,0,1.0,1,1,0,1,3,2
25,50,M,Norte,941,Plata,65,13.74,0,22,3,0,Hogar,6,16,48.6,0,4.4,0,0,0,1,0,2
26,29,F,Este,337,Bronce,48,9.97,15,25,4,1,Hogar,3,3,23.69,0,3.9,1,0,1,0,3,2
27,39,F,Este,881,Bronce,15,11.84,4,10,14,0,Hogar,6,12,92.35,0,3.8,0,1,1,0,3,2
28,61,F,Norte,737,Plata,1,39.1,2,27,7,1,Ropa,1,7,71.48,0,3.2,0,0,1,1,0,1
29,42,M,Oeste,840,Bronce,59,30.76,19,1,9,0,Hogar,4,18,35.7,0,3.8,0,1,0,0,4,2
30,44,F,Este,147,Bronce,53,23.06,14,7,3,1,Ropa,5,4,62.28,0,4.7,1,0,1,0,3,1
31,59,M,Este,1599,Oro,29,4.8,12,28,4,0,Ropa,5,1,119.55,0,3.7,0,1,0,2,3,1
32,45,F,Oeste,1347,Bronce,83,36.43,23,10,11,0,Libros,0,14,28.38,0,2.1,1,1,1,0,4,4
33,33,M,Este,443,Plata,37,1.54,15,36,3,0,Ropa,6,1,37.73,0,3.3,0,0,0,1,3,1
34,32,M,Este,837,Bronce,27,28.79,22,17,13,1,Ropa,4,10,43.99,0,2.8,1,1,0,0,3,1
35,64,M,Este,1037,Plata,24,5.97,10,49,5,0,Hogar,7,12,119.86,0,3.2,0,1,0,1,3,2
36,61,M,Sur,943,Oro,95,0.83,20,13,11,0,Ropa,0,9,160.14,0,3.1,0,1,0,2,1,1
37,20,F,Oeste,1518,Bronce,9,16.6,1,9,2,0,Deportes,5,2,47.78,0,4.4,1,0,1,0,4,3
38,54,F,Este,1725,Bronce,59,3.95,21,34,7,1,Hogar,4,4,38.15,0,3.6,1,1,1,0,3,2
39,24,M,Oeste,287,Bronce,41,4.19,26,8,5,0,Electronica,2,2,186.18,0,1.8,0,1,0,0,4,0
40,38,F,Centro,720,Bronce,39,5.48,5,34,9,0,Hogar,1,5,598.94,0,1.3,1,1,1,0,2,2
41,26,M,Centro,1138,Plata,96,0.99,25,10,4,0,Ropa,7,12,98.78,0,2.7,0,1,0,1,2,1
42,56,F,Este,480,Oro,76,2.92,25,43,12,1,Deportes,2,9,378.26,1,1.1,0,1,1,2,3,3
43,35,F,Oeste,22,Bronce,119,0.08,29,11,14,1,Hogar,1,18,96.3,0,2.3,0,1,1,0,4,2
44,21,F,Oeste,1373,Bronce,104,8.84,26,2,1,0,Deportes,7,7,115.78,1,2.5,0,1,1,0,4,3
45,42,M,Oeste,1750,Bronce,117,1.32,5,38,9,0,Electronica,6,17,49.37,0,2.5,0,1,0,0,4,0
46,31,F,Sur,683,Plata,41,17.22,13,13,9,0,Electronica,3,2,55.39,0,4.9,0,0,1,1,1,0
47,26,F,Centro,1590,Bronce,46,4.03,24,27,6,0,Libros,0,16,22.45,1,2.2,1,0,1,0,2,4
48,43,M,Oeste,906,Plata,36,43.12,10,10,1,0,Libros,0,7,148.42,0,2.1,0,0,0,1,4,4
49,19,M,Oeste,320,Plata,117,30.75,7,38,0,1,Hogar,3,9,223.96,0,1.5,1,1,0,1,4,2
50,37,F,Sur,126,Plata,79,5.13,7,24,6,0,Libros,4,1,88.13,0,3.0,0,1,1,1,1,4
51,45,F,Sur,277,Bronce,108,22.93,0,20,4,1,Deportes,3,11,43.68,1,1.6,0,0,1,0,1,3
52,64,F,Oeste,1228,Plata,21,24.39,20,9,0,0,Libros,6,5,23.38,0,3.5,0,0,1,1,4,4
53,24,F,Norte,194,Bronce,56,64.65,6,42,14,1,Deportes,5,1,34.65,0,1.6,1,1,1,0,0,3
54,61,F,Oeste,1705,Bronce,83,13.66,5,14,3,0,Libros,3,2,33.59,0,3.3,1,0,1,0,4,4
55,25,M,Oeste,1688,Oro,113,1.28,20,18,11,0,Libros,1,16,86.06,0,4.3,1,1,0,2,4,4
56,64,M,Sur,1571,Plata,106,15.61,7,47,12,0,Libros,5,6,242.09,0,1.2,0,1,0,1,1,4
57,52,M,Sur,696,Bronce,26,14.71,18,21,3,0,Ropa,3,4,13.96,0,2.7,1,0,0,0,1,1
58,31,F,Oeste,1310,Bronce,40,15.26,21,20,9,0,Ropa,0,0,10.08,0,2.8,1,1,1,0,4,1
59,34,M,Oeste,57,Bronce,79,5.5,20,43,6,1,Libros,2,7,83.34,0,4.2,0,1,0,0,4,4
60,53,F,Oeste,1758,Bronce,33,29.46,23,31,8,1,Deportes,1,11,36.73,0,2.9,0,1,1,0,4,3
61,57,F,Sur,1327,Bronce,31,48.09,19,49,1,0,Hogar,6,13,179.99,0,3.3,0,0,1,0,1,2
62,21,F,Oeste,1187,Bronce,89,3.68,7,22,11,0,Electronica,1,15,41.71,0,4.2,1,1,1,0,4,0
63,19,M,Oeste,19,Bronce,88,1.38,25,12,13,0,Ropa,7,9,37.37,0,3.2,0,1,0,0,4,1
64,23,F,Este,1394,Plata,65,3.25,13,4,0,0,Libros,4,14,35.12,0,2.4,1,0,1,1,3,4
65,59,M,Norte,264,Plata,11,25.77,17,3,1,0,Electronica,2,14,22.52,0,1.3,0,1,0,1,0,0
66,21,F,Centro,794,Plata,39,16.94,24,27,6,1,Ropa,1,9,79.69,0,3.9,0,1,1,1,2,1
67,46,M,Norte,113,Bronce,72,15.16,28,13,12,1,Hogar,7,6,24.73,0,4.5,0,1,0,0,0,2
68,35,M,Este,1512,Oro,75,7.71,15,7,9,1,Deportes,3,2,54.22,0,4.9,1,1,0,2,3,3
69,43,F,Centro,1351,Plata,89,12.94,8,8,5,0,Libros,1,1,59.44,0,4.7,0,0,1,1,2,4
70,61,M,Oeste,542,Plata,72,5.52,14,34,3,1,Hogar,1,5,11.66,0,4.2,0,0,0,1,4,2
71,51,M,Este,647,Plata,9,9.73,29,36,0,1,Ropa,1,8,11.36,0,3.6,1,0,0,1,3,1
72,27,F,Oeste,579,Oro,95,23.63,25,20,12,0,Libros,4,9,68.75,0,4.1,0,1,1,2,4,4
73,53,F,Sur,1089,Plata,97,59.64,9,17,0,0,Electronica,1,3,105.27,1,2.7,0,0,1,1,1,0
74,31,F,Este,1316,Bronce,47,40.43,28,32,4,1,Deportes,1,2,237.98,0,3.4,0,0,1,0,3,3
75,48,F,Sur,25,Plata,19,40.74,21,7,14,0,Ropa,4,8,25.79,0,2.4,0,1,1,1,1,1
76,32,F,Este,1573,Plata,38,7.72,15,48,0,0,Deportes,7,16,18.72,0,2.3,0,0,1,1,3,3
77,25,M,Este,1,Plata,59,9.49,3,16,11,0,Libros,5,13,14.28,0,4.0,0,1,0,1,3,4
78,31,M,Sur,911,Plata,65,18.34,19,42,14,0,Hogar,2,9,55.82,0,2.8,0,1,0,1,1,2
79,40,M,Centro,1573,Bronce,64,38.3,12,30,6,0,Deportes,7,12,88.07,0,1.8,0,1,0,0,2,3
80,57,F,Norte,141,Bronce,50,2.3,21,33,12,1,Electronica,6,11,156.88,0,1.8,1,1,1,0,0,0
81,38,F,Oeste,1768,Oro,35,5.44,4,5,10,1,Ropa,5,0,101.82,0,4.4,0,0,1,2,4,1
82,33,M,Este,648,Plata,23,2.25,21,21,0,1,Electronica,0,18,28.69,0,3.7,0,0,0,1,3,0
83,62,M,Oeste,188,Plata,117,14.2,6,13,0,0,Deportes,4,18,59.56,0,3.2,0,1,0,1,4,3
84,35,F,Sur,1152,Bronce,26,5.49,22,2,1,1,Hogar,4,5,202.94,0,2.6,0,1,1,0,1,2
85,64,M,Oeste,201,Bronce,1,5.92,8,11,12,0,Hogar,1,12,41.65,1,2.7,1,0,0,0,4,2
86,41,F,Sur,1151,Oro,30,1.1,7,35,13,0,Electronica,1,18,65.25,0,1.2,1,1,1,2,1,0
87,43,F,Oeste,257,Plata,56,6.46,28,11,10,0,Libros,6,12,264.69,0,2.8,0,1,1,1,4,4
88,42,F,Norte,1700,Plata,77,29.76,15,44,11,0,Libros,0,3,116.15,0,4.2,1,1,1,1,0,4
89,62,M,Norte,547,Bronce,65,3.98,5,1,9,0,Hogar,1,1,120.18,0,2.6,0,0,0,0,0,2
90,58,F,Norte,194,Plata,28,17.82,27,1,2,0,Electronica,3,14,33.26,0,2.5,1,1,1,1,0,0
91,46,F,Norte,703,Bronce,14,14.9,15,14,12,0,Electronica,1,11,52.85,0,1.1,1,1,1,0,0,0
92,32,F,Norte,1128,Plata,11,29.87,5,22,10,0,Electronica,1,6,16.87,0,2.8,1,0,1,1,0,0
93,62,F,Norte,1559,Bronce,100,2.13,13,28,14,1,Deportes,3,19,84.62,1,1.1,0,1,1,0,0,3
94,18,F,Sur,1289,Bronce,27,56.97,20,16,0,0,Libros,0,17,18.76,0,3.3,0,0,1,0,1,4
95,42,F,Este,802,Plata,83,13.11,0,31,14,1,Libros,3,12,154.59,0,3.0,0,0,1,1,3,4
96,24,M,Oeste,942,Oro,102,80.97,24,6,8,0,Deportes,4,16,144.8,0,4.4,0,1,0,2,4,3
97,26,F,Norte,1408,Bronce,23,36.37,8,29,9,0,Ropa,3,3,71.02,1,3.3,0,0,1,0,0,1
98,41,F,Sur,1284,Plata,20,3.76,24,27,7,1,Deportes,2,13,22.17,0,2.3,1,0,1,1,1,3
99,18,M,Sur,414,Bronce,9,0.87,26,13,4,0,Electronica,4,19,12.07,0,3.1,0,1,0,0,1,0
100,61,F,Sur,1382,Bronce,109,4.43,23,43,12,0,Deportes,1,12,137.45,1,3.8,1,0,1,0,1,3
101,25,F,Este,1099,Bronce,77,11.25,12,29,10,1,Electronica,6,2,83.33,0,1.4,1,0,1,0,3,0
102,41,F,Oeste,1379,Bronce,100,2.82,25,16,1,0,Hogar,4,17,109.29,0,3.5,1,1,1,0,4,2
103,28,M,Este,1608,Plata,17,2.75,28,31,4,1,Electronica,0,13,38.97,0,4.7,0,1,0,1,3,0
104,34,M,Centro,1795,Bronce,87,9.32,18,45,5,0,Libros,0,14,66.98,1,2.2,0,1,0,0,2,4
105,25,Otro,Sur,910,Bronce,13,0.51,16,5,13,0,Deportes,3,2,120.0,0,3.5,1,0,2,0,1,3
106,52,F,Centro,188,Oro,33,1.95,10,23,14,0,Electronica,4,0,59.68,0,4.3,1,1,1,2,2,0
107,52,M,Norte,1709,Bronce,57,8.06,27,5,0,0,Ropa,1,16,83.58,0,3.0,1,1,0,0,0,1
108,50,F,Norte,1314,Plata,75,0.98,27,26,10,1,Hogar,0,2,134.75,0,3.9,1,1,1,1,0,2
109,22,F,Este,45,Bronce,21,7.58,7,17,3,1,Ropa,5,13,29.39,1,2.2,0,0,1,0,3,1
110,59,F,Oeste,1597,Plata,119,9.64,22,23,8,0,Ropa,1,2,15.46,0,2.2,0,1,1,1,4,1
111,56,F,Centro,83,Bronce,69,9.0,28,36,1,0,Ropa,5,12,70.71,0,3.7,0,1,1,0,2,1
112,58,M,Oeste,1147,Bronce,35,30.51,4,23,4,1,Hogar,2,14,15.13,1,3.8,1,0,0,0,4,2
113,45,M,Este,358,Bronce,44,11.33,9,37,0,0,Hogar,5,17,126.39,0,4.7,1,0,0,0,3,2
114,24,M,Norte,1552,Bronce,35,9.47,6,33,3,0,Hogar,7,13,111.61,0,1.9,1,0,0,0,0,2
115,26,F,Oeste,1090,Bronce,21,7.93,9,39,3,0,Hogar,0,2,180.77,1,2.9,1,0,1,0,4,2
116,25,M,Oeste,936,Plata,77,25.53,3,46,5,0,Ropa,3,18,91.63,0,2.0,1,1,0,1,4,1
117,29,M,Norte,1681,Oro,79,33.82,8,14,9,1,Libros,2,7,15.56,0,1.3,0,1,0,2,0,4
118,51,M,Centro,375,Plata,60,28.78,26,10,8,1,Libros,4,3,33.35,0,2.6,0,1,0,1,2,4
119,50,F,Norte,162,Plata,99,16.79,25,21,2,0,Hogar,1,3,141.99,0,2.5,1,1,1,1,0,2
120,40,F,Oeste,1770,Bronce,55,2.22,13,23,8,0,Deportes,0,18,24.63,1,2.1,0,0,1,0,4,3
121,41,M,Centro,1404,Bronce,88,4.86,1,0,5,0,Electronica,2,10,105.91,0,2.2,0,1,0,0,2,0
122,54,M,Centro,1680,Bronce,95,0.71,24,17,6,0,Deportes,2,0,131.22,0,2.4,0,1,0,0,2,3
123,52,F,Norte,1382,Bronce,32,40.07,8,43,11,0,Deportes,7,7,42.05,0,5.0,0,1,1,0,0,3
124,61,M,Oeste,1212,Plata,44,16.22,20,11,9,1,Deportes,0,14,41.12,0,4.1,0,0,0,1,4,3
125,57,M,Este,322,Plata,35,20.58,26,42,1,0,Libros,4,0,75.28,0,1.3,1,0,0,1,3,4
126,39,M,Oeste,450,Bronce,19,5.6,0,27,10,0,Electronica,4,6,168.03,0,4.5,1,1,0,0,4,0
127,44,M,Sur,1498,Bronce,17,28.03,22,39,9,0,Deportes,3,19,30.28,1,3.5,1,1,0,0,1,3
128,52,M,Este,1037,Plata,37,4.51,9,6,13,0,Hogar,6,19,236.77,0,4.6,0,1,0,1,3,2
129,18,F,Centro,184,Plata,66,0.02,9,22,5,0,Libros,5,10,83.13,0,2.4,1,0,1,1,2,4
130,52,M,Este,111,Bronce,22,7.08,19,20,5,1,Hogar,4,13,397.54,0,2.9,1,0,0,0,3,2
131,54,F,Centro,508,Oro,95,12.69,24,33,1,0,Hogar,7,15,17.51,0,4.6,1,1,1,2,2,2
132,64,M,Centro,1314,Oro,108,9.77,21,10,1,1,Deportes,3,13,20.83,0,2.1,1,1,0,2,2,3
133,31,F,Este,295,Bronce,15,29.72,28,21,13,0,Hogar,5,11,150.19,0,4.7,1,1,1,0,3,2
134,20,F,Centro,1475,Bronce,58,1.67,2,41,1,0,Electronica,2,16,170.05,0,4.3,0,0,1,0,2,0
135,18,M,Centro,904,Plata,68,12.11,5,34,9,0,Hogar,0,13,57.17,0,4.9,1,0,0,1,2,2
136,22,F,Sur,1239,Oro,67,10.79,28,28,11,0,Deportes,4,9,110.16,0,2.3,0,1,1,2,1,3
137,43,M,Oeste,974,Oro,20,4.96,25,41,0,0,Hogar,3,13,171.73,1,1.9,0,0,0,2,4,2
138,31,Otro,Oeste,632,Bronce,103,25.91,5,27,4,0,Libros,2,17,13.53,0,2.3,1,1,2,0,4,4
139,56,M,Sur,1591,Bronce,114,20.97,20,17,7,1,Libros,4,8,78.26,0,4.8,0,0,0,0,1,4
140,44,M,Este,1051,Plata,77,19.8,1,13,1,1,Libros,1,16,163.65,0,2.3,0,0,0,1,3,4
141,26,M,Norte,1654,Plata,102,31.34,25,17,12,0,Ropa,6,5,50.62,0,3.3,1,1,0,1,0,1
142,32,Otro,Norte,733,Bronce,94,19.24,25,27,14,0,Libros,2,7,38.81,0,2.6,1,1,2,0,0,4
143,32,F,Norte,1255,Oro,77,3.96,17,23,4,0,Libros,7,12,137.06,0,2.6,0,0,1,2,0,4
144,43,F,Sur,1589,Plata,69,18.34,22,7,11,0,Ropa,7,17,42.73,0,1.8,1,1,1,1,1,1
145,59,M,Sur,321,Plata,11,5.52,1,41,7,0,Libros,4,4,10.25,0,3.1,0,0,0,1,1,4
146,30,F,Centro,913,Oro,15,4.16,11,44,9,1,Deportes,7,5,266.66,0,4.4,0,1,1,2,2,3
147,49,M,Norte,1257,Plata,80,1.14,21,7,13,0,Libros,2,18,81.74,0,1.2,0,1,0,1,0,4
148,56,F,Este,1694,Bronce,108,20.44,4,3,4,0,Libros,0,3,146.97,0,4.6,0,0,1,0,3,4
149,49,M,Este,437,Plata,86,18.62,19,26,1,0,Ropa,0,6,149.58,0,3.7,0,0,0,1,3,1
150,21,M,Norte,781,Bronce,13,4.01,6,35,2,0,Deportes,6,3,15.5,0,3.5,0,0,0,0,0,3
151,47,M,Norte,1557,Plata,60,20.76,23,4,14,1,Hogar,0,10,24.99,0,3.5,1,1,0,1,0,2
152,54,M,Norte,1427,Bronce,70,37.49,15,32,5,0,Electronica,5,11,39.82,0,2.2,1,1,0,0,0,0
153,40,F,Sur,1077,Plata,45,1.71,19,48,10,0,Deportes,1,13,40.94,0,2.7,1,1,1,1,1,3
154,56,M,Sur,1811,Bronce,31,3.97,0,33,10,1,Hogar,0,12,96.02,0,4.2,1,0,0,0,1,2
155,62,F,Sur,1337,Bronce,14,20.81,0,29,4,0,Deportes,7,9,88.07,0,2.2,0,0,1,0,1,3
156,32,M,Oeste,1305,Bronce,43,4.81,16,7,10,1,Hogar,1,17,64.59,0,2.9,1,1,0,0,4,2
157,60,F,Este,726,Bronce,16,14.7,26,38,3,0,Hogar,0,15,28.99,1,1.1,1,1,1,0,3,2
158,46,M,Este,31,Plata,40,1.27,0,46,3,0,Deportes,5,4,48.5,0,3.9,0,0,0,1,3,3
159,53,M,Centro,337,Plata,53,9.03,20,25,4,1,Ropa,7,7,72.75,0,2.7,0,0,0,1,2,1
160,30,F,Sur,183,Plata,110,20.15,19,36,1,0,Deportes,2,13,60.49,0,3.1,1,1,1,1,1,3
161,49,M,Oeste,1047,Bronce,43,17.4,12,33,8,0,Deportes,4,4,20.89,0,1.5,1,1,0,0,4,3
162,24,M,Oeste,544,Bronce,97,25.32,29,6,1,0,Hogar,4,7,93.87,0,5.0,1,0,0,0,4,2
163,39,F,Este,1470,Bronce,4,31.49,8,39,9,0,Electronica,0,5,16.07,0,2.2,0,1,1,0,3,0
164,45,F,Sur,1098,Bronce,108,22.25,14,27,1,1,Hogar,4,15,48.01,0,3.5,0,0,1,0,1,2
165,19,M,Centro,1034,Oro,26,16.7,2,38,9,1,Libros,0,3,109.04,0,3.3,1,0,0,2,2,4
166,59,M,Sur,1508,Bronce,115,0.48,13,38,13,1,Deportes,0,11,11.62,0,4.1,1,0,0,0,1,3
167,62,F,Norte,1480,Bronce,86,11.48,22,27,8,1,Deportes,7,10,77.51,0,2.2,0,1,1,0,0,3
168,23,M,Sur,1590,Bronce,103,0.58,10,13,13,0,Ropa,6,2,42.58,0,4.0,0,1,0,0,1,1
169,45,M,Norte,1588,Bronce,77,24.76,23,49,2,0,Hogar,3,11,10.71,0,2.5,1,1,0,0,0,2
170,45,M,Norte,660,Plata,78,5.8,21,37,14,0,Ropa,3,4,26.9,0,2.6,1,1,0,1,0,1
171,61,F,Centro,160,Plata,42,12.4,11,3,9,0,Deportes,6,5,236.34,0,3.7,0,0,1,1,2,3
172,61,F,Este,1038,Bronce,96,4.92,12,41,6,0,Hogar,3,18,68.91,0,4.1,0,1,1,0,3,2
173,37,M,Sur,1202,Bronce,116,22.88,25,17,3,1,Hogar,1,17,481.03,0,3.7,1,1,0,0,1,2
174,47,M,Norte,412,Bronce,30,32.64,12,43,12,0,Libros,3,15,69.52,0,4.6,1,1,0,0,0,4
175,28,M,Sur,1012,Bronce,98,7.63,0,47,12,0,Libros,0,10,72.81,0,2.1,0,1,0,0,1,4
176,45,F,Este,53,Bronce,16,29.81,23,24,5,0,Electronica,5,4,49.79,0,4.6,0,1,1,0,3,0
177,42,M,Este,408,Oro,91,4.66,9,6,13,1,Libros,5,8,39.69,1,1.5,1,1,0,2,3,4
178,56,M,Oeste,847,Plata,82,11.47,2,37,3,1,Hogar,2,2,33.18,0,3.6,0,0,0,1,4,2
179,50,F,Este,1046,Plata,109,29.36,23,27,9,1,Libros,7,7,43.66,0,3.2,1,1,1,1,3,4
180,18,M,Centro,1054,Bronce,53,5.92,27,4,14,0,Electronica,3,5,59.27,0,3.0,1,1,0,0,2,0
181,44,F,Norte,703,Bronce,61,46.2,3,2,6,1,Deportes,5,3,27.05,0,2.2,0,0,1,0,0,3
182,30,M,Oeste,260,Plata,86,1.95,15,43,0,0,Libros,3,11,30.38,0,3.0,1,1,0,1,4,4
183,58,M,Centro,1229,Plata,31,0.28,7,30,2,1,Hogar,7,11,35.35,1,1.6,1,0,0,1,2,2
184,20,M,Sur,1083,Plata,39,35.17,15,46,12,0,Deportes,2,15,57.72,0,2.5,1,1,0,1,1,3
185,56,F,Norte,1495,Bronce,12,1.07,26,41,2,0,Hogar,5,9,94.63,1,1.4,0,0,1,0,0,2
186,23,F,Este,776,Plata,83,72.22,16,19,0,0,Deportes,0,13,165.12,0,3.3,1,1,1,1,3,3
187,25,F,Norte,1490,Bronce,34,45.36,18,18,5,1,Hogar,1,12,37.08,0,1.4,0,0,1,0,0,2
188,44,M,Sur,1036,Oro,4,2.21,21,47,14,0,Libros,6,8,26.24,0,1.6,1,1,0,2,1,4
189,26,F,Oeste,1655,Plata,72,11.57,14,10,12,1,Libros,6,6,48.09,0,1.3,1,1,1,1,4,4
190,54,M,Oeste,1314,Plata,28,3.07,15,39,10,0,Electronica,6,11,189.83,0,2.5,0,1,0,1,4,0
191,50,M,Oeste,850,Bronce,69,8.38,14,2,13,0,Deportes,3,4,10.79,0,4.4,1,1,0,0,4,3
192,59,F,Este,1784,Plata,24,0.95,24,22,8,0,Electronica,5,17,100.62,0,4.6,1,1,1,1,3,0
193,61,M,Centro,354,Bronce,94,3.8,1,6,7,0,Ropa,7,3,61.88,0,1.3,0,1,0,0,2,1
194,41,M,Centro,1663,Bronce,21,6.77,10,22,10,0,Libros,7,1,24.05,0,3.5,0,0,0,0,2,4
195,32,M,Norte,1099,Bronce,65,8.66,0,6,6,0,Deportes,5,2,40.97,0,3.7,1,0,0,0,0,3
196,49,M,Este,873,Plata,44,56.91,14,45,9,1,Electronica,2,11,30.39,1,3.1,0,0,0,1,3,0
197,49,M,Oeste,1740,Bronce,68,24.74,25,33,7,0,Electronica,0,2,178.19,0,3.7,0,1,0,0,4,0
198,41,F,Oeste,1585,Bronce,90,20.06,18,41,5,1,Ropa,4,3,62.6,0,1.9,1,1,1,0,4,1
199,58,M,Sur,1615,Oro,88,11.55,3,18,8,0,Electronica,5,5,76.24,1,3.0,1,0,0,2,1,0
200,29,F,Sur,1465,Bronce,71,27.49,10,8,2,1,Hogar,1,11,82.05,0,2.6,1,0,1,0,1,2
201,56,F,Oeste,991,Plata,118,6.22,4,47,14,0,Libros,2,18,91.65,0,1.4,0,1,1,1,4,4
202,19,M,Oeste,1265,Bronce,0,18.51,2,17,9,0,Electronica,5,9,64.74,0,3.5,0,0,0,0,4,0
203,20,M,Este,1018,Bronce,83,76.21,12,40,9,0,Electronica,5,0,11.44,0,3.0,0,1,0,0,3,0
204,54,M,Centro,1178,Plata,43,5.67,9,47,8,0,Ropa,2,16,42.6,0,2.1,1,0,0,1,2,1
205,34,F,Sur,1810,Bronce,86,16.81,10,44,3,1,Hogar,2,15,26.25,0,2.9,1,0,1,0,1,2
206,19,M,Centro,1120,Bronce,95,27.9,17,41,6,0,Electronica,3,8,101.19,0,4.1,0,0,0,0,2,0
207,19,F,Este,1750,Plata,74,37.12,1,24,14,0,Libros,5,8,14.67,0,4.2,0,1,1,1,3,4
208,45,M,Oeste,294,Plata,38,18.98,6,13,12,1,Libros,4,8,76.37,1,3.6,1,0,0,1,4,4
209,40,F,Centro,209,Plata,110,5.0,8,43,8,0,Electronica,1,11,28.92,0,2.9,1,0,1,1,2,0
210,54,M,Oeste,1367,Bronce,53,5.92,9,24,1,1,Hogar,0,8,247.83,0,3.3,0,0,0,0,4,2
211,49,M,Oeste,1112,Bronce,87,0.31,17,18,1,0,Libros,0,14,42.7,0,2.5,1,0,0,0,4,4
212,50,F,Norte,818,Plata,74,21.46,22,38,8,1,Libros,4,1,41.47,0,1.5,0,1,1,1,0,4
213,18,F,Centro,1800,Plata,28,0.66,6,14,11,0,Hogar,7,10,215.52,1,2.5,1,1,1,1,2,2
214,36,M,Centro,390,Plata,53,30.0,26,15,12,0,Hogar,2,10,53.21,0,3.1,1,1,0,1,2,2
215,19,F,Oeste,325,Plata,89,1.89,6,26,2,0,Electronica,2,7,273.45,1,3.4,1,0,1,1,4,0
216,61,F,Este,940,Plata,15,2.83,2,39,8,1,Deportes,7,5,11.96,0,4.7,0,0,1,1,3,3
217,43,F,Norte,889,Bronce,98,9.71,11,9,12,0,Ropa,2,19,39.26,0,4.1,0,1,1,0,0,1
218,49,F,Oeste,1181,Bronce,19,20.08,6,3,14,0,Deportes,7,6,97.78,0,1.6,1,1,1,0,4,3
219,23,M,Sur,668,Plata,45,2.24,16,18,4,1,Deportes,5,2,187.21,1,1.7,0,0,0,1,1,3
220,49,M,Sur,1675,Bronce,66,8.7,25,27,5,1,Libros,7,7,33.7,0,1.4,1,1,0,0,1,4
221,21,M,Norte,633,Bronce,64,9.89,0,20,1,1,Hogar,2,17,223.29,0,4.0,1,0,0,0,0,2
222,28,F,Este,577,Oro,57,3.58,4,46,7,1,Libros,2,16,82.14,0,3.8,1,0,1,2,3,4
223,34,F,Oeste,1643,Oro,52,1.84,15,13,10,0,Ropa,5,10,139.16,0,4.9,0,1,1,2,4,1
224,55,M,Centro,1683,Bronce,110,27.16,14,32,8,0,Electronica,7,1,50.49,1,3.1,1,0,0,0,2,0
225,41,M,Norte,137,Bronce,0,10.47,1,47,1,1,Ropa,5,18,29.08,0,4.3,1,0,0,0,0,1
226,22,F,Este,1698,Bronce,80,0.22,8,9,5,1,Libros,4,6,203.74,0,3.3,0,0,1,0,3,4
227,51,Otro,Centro,428,Plata,65,24.37,6,18,5,0,Libros,3,17,226.41,0,4.5,0,0,2,1,2,4
228,23,F,Sur,1476,Oro,28,59.29,3,29,7,0,Libros,5,7,65.06,0,3.9,0,0,1,2,1,4
229,39,M,Sur,612,Bronce,83,13.97,19,21,9,1,Libros,1,13,10.52,0,3.6,0,1,0,0,1,4
230,28,M,Centro,911,Bronce,69,10.51,17,2,11,0,Deportes,2,6,19.3,0,3.3,1,1,0,0,2,3
231,33,M,Norte,819,Oro,7,31.61,20,36,4,0,Electronica,3,3,78.08,0,3.9,1,1,0,2,0,0
232,50,F,Sur,141,Bronce,28,45.71,3,40,8,0,Deportes,0,16,11.93,0,2.7,1,0,1,0,1,3
233,26,M,Oeste,1107,Plata,111,21.07,27,17,0,0,Libros,4,4,50.46,0,1.4,1,0,0,1,4,4
234,23,F,Centro,177,Oro,50,8.84,12,10,8,1,Hogar,7,11,38.92,0,1.2,1,1,1,2,2,2
235,33,M,Centro,198,Bronce,32,13.46,0,47,9,0,Deportes,3,8,110.24,0,2.9,1,0,0,0,2,3
236,46,F,Sur,624,Plata,2,18.11,27,1,6,1,Libros,5,19,14.57,0,3.4,0,1,1,1,1,4
237,20,F,Norte,1592,Bronce,59,3.24,23,11,3,0,Libros,2,12,63.67,0,1.3,1,1,1,0,0,4
238,37,F,Oeste,691,Bronce,34,8.89,2,5,2,0,Electronica,2,17,79.23,0,2.1,0,1,1,0,4,0
239,53,M,Norte,1445,Plata,68,26.56,15,42,13,1,Ropa,2,19,86.84,0,2.3,1,1,0,1,0,1
240,36,M,Este,401,Bronce,90,15.95,29,39,9,0,Deportes,3,8,51.56,0,3.3,0,1,0,0,3,3
241,43,M,Este,1722,Oro,107,7.95,21,43,14,0,Deportes,2,3,39.03,0,2.1,1,1,0,2,3,3
242,20,F,Sur,471,Plata,75,16.33,3,28,10,0,Deportes,5,7,101.78,0,1.4,1,1,1,1,1,3
243,36,F,Sur,218,Bronce,83,1.89,24,29,13,0,Libros,7,0,160.48,0,1.7,0,1,1,0,1,4
244,37,F,Sur,929,Bronce,108,7.7,22,1,5,0,Electronica,3,16,104.63,1,1.7,1,0,1,0,1,0
245,49,F,Este,1753,Bronce,19,23.63,24,8,11,1,Libros,2,8,225.18,0,4.4,1,1,1,0,3,4
246,24,F,Norte,632,Bronce,72,3.74,15,46,12,1,Libros,0,19,111.06,0,2.1,0,1,1,0,0,4
247,58,M,Norte,951,Bronce,38,3.09,25,1,0,1,Hogar,0,12,125.72,0,3.9,0,1,0,0,0,2
248,50,F,Sur,906,Bronce,3,45.18,18,28,2,0,Electronica,1,1,24.7,0,3.3,1,0,1,0,1,0
249,57,M,Oeste,175,Bronce,114,3.53,0,32,1,0,Deportes,2,12,53.51,0,4.9,0,0,0,0,4,3
250,56,M,Norte,23,Plata,117,4.54,4,9,10,0,Ropa,2,8,63.1,0,2.1,0,1,0,1,0,1
251,35,F,Este,1749,Plata,18,52.41,18,33,12,0,Deportes,3,19,33.69,1,1.6,0,1,1,1,3,3
252,57,M,Centro,235,Plata,101,19.9,21,43,8,0,Libros,3,5,70.15,1,1.2,0,1,0,1,2,4
253,18,M,Centro,1037,Bronce,90,18.04,23,7,2,0,Electronica,6,0,37.49,0,2.0,0,1,0,0,2,0
254,28,F,Centro,1125,Bronce,44,28.75,10,36,12,1,Electronica,7,4,103.05,0,3.7,0,0,1,0,2,0
255,45,M,Oeste,929,Plata,42,1.85,12,32,1,0,Electronica,2,2,60.83,0,1.3,0,0,0,1,4,0
256,42,F,Sur,1560,Bronce,12,18.36,19,46,3,0,Hogar,1,3,59.12,0,2.0,0,0,1,0,1,2
257,40,M,Este,523,Bronce,12,10.51,4,5,14,1,Deportes,7,0,339.05,0,4.4,1,1,0,0,3,3
258,48,M,Oeste,1809,Plata,59,26.5,20,43,13,0,Hogar,2,13,49.86,0,3.3,1,1,0,1,4,2
259,47,M,Este,1476,Plata,56,10.64,3,39,1,1,Ropa,7,8,45.99,0,1.3,0,0,0,1,3,1
260,59,M,Este,431,Plata,85,14.52,3,44,0,1,Libros,5,3,40.69,0,1.2,1,0,0,1,3,4
261,52,F,Sur,793,Bronce,91,9.74,3,18,5,1,Hogar,3,17,190.11,1,1.2,0,1,1,0,1,2
262,24,M,Centro,1630,Plata,51,9.76,3,31,14,0,Hogar,2,13,64.93,0,4.8,1,1,0,1,2,2
263,33,F,Sur,1737,Plata,110,21.91,19,26,9,1,Libros,7,3,83.31,0,4.4,0,0,1,1,1,4
264,43,M,Oeste,533,Plata,52,14.86,20,0,7,0,Electronica,3,9,25.96,0,4.4,1,1,0,1,4,0
265,19,F,Oeste,979,Plata,108,15.05,17,42,9,1,Libros,2,2,72.29,0,4.7,1,1,1,1,4,4
266,18,F,Oeste,1747,Plata,85,8.98,17,32,9,0,Deportes,4,6,35.69,0,3.0,0,1,1,1,4,3
267,29,F,Sur,1676,Plata,42,11.36,15,39,1,0,Libros,3,9,114.94,0,2.0,0,1,1,1,1,4
268,22,M,Este,1317,Bronce,82,20.54,8,31,13,0,Electronica,7,12,152.96,0,2.6,1,1,0,0,3,0
269,54,M,Este,810,Plata,71,26.23,17,4,8,0,Libros,1,3,110.37,0,3.9,0,1,0,1,3,4
270,49,M,Norte,913,Plata,115,17.89,21,16,14,1,Hogar,4,17,114.82,1,4.5,0,1,0,1,0,2
271,26,F,Oeste,1125,Plata,71,38.67,1,7,12,1,Ropa,5,10,67.47,1,2.7,0,1,1,1,4,1
272,58,M,Este,1526,Bronce,41,25.75,20,41,2,1,Hogar,2,3,109.62,0,3.1,0,1,0,0,3,2
273,52,F,Norte,1328,Bronce,89,12.38,3,33,7,0,Ropa,6,13,53.95,0,4.7,0,0,1,0,0,1
274,36,F,Este,871,Oro,111,16.69,11,8,11,1,Libros,5,17,94.33,0,1.4,0,0,1,2,3,4
275,33,M,Oeste,540,Plata,114,39.12,6,22,7,0,Deportes,3,7,33.98,0,4.4,0,0,0,1,4,3
276,20,F,Centro,1024,Oro,25,14.48,14,34,14,1,Libros,4,9,15.78,1,1.6,0,1,1,2,2,4
277,37,M,Oeste,1577,Plata,22,26.13,6,49,2,1,Electronica,5,4,52.68,0,2.9,1,0,0,1,4,0
278,41,M,Sur,1379,Plata,42,17.51,28,6,2,0,Libros,1,6,59.56,0,1.9,1,1,0,1,1,4
279,50,F,Este,1327,Plata,76,12.04,21,14,11,1,Ropa,6,11,33.7,1,3.4,1,1,1,1,3,1
280,41,F,Este,1520,Oro,27,4.15,25,19,14,0,Hogar,3,2,114.07,0,3.2,1,1,1,2,3,2
281,28,F,Sur,1682,Plata,8,8.33,20,49,5,0,Deportes,4,3,16.11,1,2.5,1,0,1,1,1,3
282,25,M,Sur,1792,Plata,19,51.51,16,24,0,0,Libros,5,9,30.16,0,4.5,1,0,0,1,1,4
283,53,M,Centro,227,Bronce,55,16.08,15,2,3,0,Libros,4,3,120.45,0,3.6,1,0,0,0,2,4
284,55,F,Este,1260,Bronce,82,12.47,27,45,0,1,Hogar,4,14,55.98,0,3.9,0,1,1,0,3,2
285,57,F,Este,873,Plata,111,40.54,18,23,13,0,Deportes,5,9,107.74,0,1.6,1,1,1,1,3,3
286,37,F,Centro,892,Bronce,38,13.25,8,33,2,0,Libros,0,15,77.05,0,4.5,0,1,1,0,2,4
287,52,M,Norte,1479,Bronce,50,11.2,13,45,8,0,Libros,2,14,250.81,0,1.7,1,1,0,0,0,4
288,42,F,Centro,1037,Bronce,11,21.36,16,21,13,1,Ropa,7,18,82.86,0,1.9,0,1,1,0,2,1
289,52,M,Oeste,210,Bronce,78,18.71,4,10,13,1,Ropa,3,19,11.2,1,1.5,1,1,0,0,4,1
290,42,M,Este,741,Bronce,94,3.22,1,47,4,1,Electronica,3,18,44.82,0,2.8,0,0,0,0,3,0
291,46,F,Sur,397,Bronce,54,9.56,19,7,11,1,Hogar,6,17,22.35,0,4.6,0,1,1,0,1,2
292,35,M,Oeste,1124,Oro,77,9.59,15,38,4,0,Deportes,6,11,216.83,0,2.0,0,1,0,2,4,3
293,63,F,Este,31,Plata,10,7.13,13,42,10,0,Libros,6,15,18.79,0,2.5,0,1,1,1,3,4
294,35,M,Centro,898,Bronce,25,10.93,13,34,3,0,Libros,3,0,49.24,0,4.4,0,0,0,0,2,4
295,19,M,Oeste,1552,Bronce,41,7.99,26,48,2,0,Electronica,4,15,30.5,0,3.5,0,1,0,0,4,0
296,52,F,Este,649,Plata,26,3.33,0,45,4,1,Libros,6,1,160.04,0,4.0,0,0,1,1,3,4
297,33,F,Norte,329,Bronce,10,7.97,2,37,14,0,Hogar,5,14,39.52,0,1.9,0,1,1,0,0,2
298,58,F,Norte,1190,Plata,37,1.13,25,7,13,1,Electronica,2,6,395.21,0,3.9,1,1,1,1,0,0
299,53,F,Sur,1483,Plata,97,12.86,6,36,10,0,Hogar,1,0,13.15,0,1.9,0,0,1,1,1,2
300,50,F,Este,952,Plata,42,28.83,25,26,3,0,Electronica,3,4,20.98,0,4.9,0,1,1,1,3,0
301,21,F,Norte,1124,Bronce,18,19.38,14,27,7,0,Libros,5,9,30.35,1,3.2,1,0,1,0,0,4
302,50,F,Centro,621,Plata,63,6.7,18,39,3,1,Electronica,2,3,143.33,1,3.8,1,0,1,1,2,0
303,31,M,Este,1197,Bronce,5,1.37,19,33,10,1,Ropa,2,13,178.64,0,1.5,0,1,0,0,3,1
304,38,F,Centro,1773,Oro,45,3.39,1,31,11,1,Deportes,0,12,15.93,0,2.0,0,0,1,2,2,3
305,37,M,Centro,162,Plata,115,11.83,18,14,7,0,Libros,7,0,12.64,0,1.6,1,1,0,1,2,4
306,25,Otro,Norte,1752,Bronce,101,3.48,8,43,5,1,Deportes,5,15,119.18,0,2.6,0,1,2,0,0,3
307,24,F,Este,776,Bronce,112,11.78,18,16,14,0,Libros,3,8,21.45,1,2.1,0,0,1,0,3,4
308,20,M,Oeste,1287,Bronce,41,3.95,26,32,13,0,Deportes,6,15,21.42,0,3.9,1,1,0,0,4,3
309,34,F,Norte,274,Plata,91,28.35,4,46,11,1,Ropa,4,18,11.81,0,1.4,0,1,1,1,0,1
310,50,F,Norte,1027,Bronce,64,7.59,17,45,10,0,Deportes,6,14,14.09,1,4.0,1,1,1,0,0,3
311,29,M,Este,1052,Plata,98,4.23,15,15,4,1,Electronica,2,13,34.49,0,1.2,0,0,0,1,3,0
312,39,F,Este,326,Bronce,103,25.1,3,28,3,0,Deportes,2,19,15.38,0,1.8,1,0,1,0,3,3
313,39,F,Centro,940,Plata,71,6.3,11,8,3,0,Libros,1,9,46.82,0,4.2,1,0,1,1,2,4
314,63,M,Este,1173,Plata,58,1.77,28,32,11,1,Hogar,6,11,153.07,0,4.0,0,1,0,1,3,2
315,47,F,Centro,540,Plata,51,12.67,6,48,3,0,Deportes,7,0,41.6,0,2.9,1,0,1,1,2,3
316,55,M,Norte,488,Plata,117,13.07,13,28,10,1,Deportes,7,16,114.11,0,1.2,1,1,0,1,0,3
317,55,F,Sur,822,Bronce,46,18.81,22,12,12,0,Deportes,0,8,17.89,0,3.4,0,1,1,0,1,3
318,62,Otro,Oeste,1462,Bronce,119,4.12,11,20,12,1,Libros,7,18,96.16,0,2.6,1,1,2,0,4,4
319,25,F,Norte,1089,Plata,6,8.8,2,20,8,0,Deportes,2,17,40.47,0,2.3,0,0,1,1,0,3
320,44,M,Este,356,Bronce,10,4.98,4,4,3,0,Libros,2,6,120.82,0,3.6,1,0,0,0,3,4
321,44,F,Oeste,1557,Bronce,102,1.27,16,9,11,0,Libros,7,8,21.72,0,2.7,0,1,1,0,4,4
322,51,F,Sur,1276,Bronce,60,31.39,25,5,8,0,Hogar,4,11,192.53,0,1.4,0,1,1,0,1,2
323,38,M,Sur,235,Bronce,67,19.58,9,12,12,1,Electronica,4,6,32.23,0,4.7,0,0,0,0,1,0
324,47,F,Centro,227,Bronce,24,5.38,9,0,9,0,Libros,7,13,44.85,0,4.1,0,1,1,0,2,4
325,50,M,Oeste,1549,Oro,11,13.72,10,19,5,0,Ropa,1,14,249.95,0,1.2,0,1,0,2,4,1
326,45,F,Centro,1337,Bronce,25,3.37,16,46,9,0,Deportes,5,14,79.11,0,3.1,1,0,1,0,2,3
327,64,M,Norte,49,Plata,101,33.14,4,45,12,0,Ropa,1,5,46.43,0,1.3,1,1,0,1,0,1
328,50,M,Oeste,118,Bronce,109,1.83,12,7,6,1,Deportes,1,13,249.02,0,4.3,0,0,0,0,4,3
329,22,M,Norte,54,Plata,11,0.06,9,9,11,1,Hogar,7,1,41.93,0,3.5,0,1,0,1,0,2
330,36,F,Centro,1674,Bronce,42,10.46,8,8,9,0,Libros,4,7,17.97,0,1.7,1,0,1,0,2,4
331,21,M,Oeste,565,Oro,50,13.12,16,48,2,1,Electronica,6,12,470.8,0,1.1,0,0,0,2,4,0
332,52,F,Centro,1068,Oro,116,12.98,0,40,7,0,Libros,6,5,34.94,0,1.1,0,0,1,2,2,4
333,34,M,Oeste,53,Bronce,36,0.84,3,2,2,0,Deportes,7,4,162.44,1,3.0,0,0,0,0,4,3
334,61,M,Centro,1610,Oro,45,5.65,3,10,0,1,Electronica,6,4,24.48,0,3.9,0,0,0,2,2,0
335,45,F,Sur,558,Oro,52,10.37,17,11,12,0,Libros,5,0,115.15,0,1.5,0,1,1,2,1,4
336,47,F,Centro,1549,Plata,87,3.66,8,9,12,1,Electronica,4,8,69.46,0,1.9,1,1,1,1,2,0
337,46,M,Sur,1701,Plata,79,30.91,29,24,9,1,Deportes,7,5,326.67,0,2.3,1,1,0,1,1,3
338,63,F,Centro,1126,Bronce,12,1.37,24,48,11,0,Hogar,0,19,74.39,0,1.9,0,1,1,0,2,2
339,23,F,Oeste,1816,Plata,88,10.02,28,48,4,1,Hogar,3,6,12.03,0,2.6,1,1,1,1,4,2
340,52,F,Oeste,1794,Bronce,117,17.64,28,24,1,1,Libros,3,8,84.08,0,3.2,1,1,1,0,4,4
341,58,M,Oeste,868,Bronce,53,4.55,17,10,9,0,Ropa,7,4,22.56,0,3.7,0,1,0,0,4,1
342,54,M,Este,398,Oro,56,14.68,13,35,13,1,Deportes,7,13,138.17,1,4.9,0,1,0,2,3,3
343,41,F,Norte,1162,Bronce,115,26.53,24,38,5,0,Libros,0,4,165.35,0,4.7,0,1,1,0,0,4
344,46,M,Oeste,675,Plata,117,3.17,14,25,12,1,Libros,6,7,62.64,0,3.3,0,1,0,1,4,4
345,63,F,Sur,387,Plata,3,37.37,5,13,9,1,Hogar,3,6,132.31,1,3.9,0,0,1,1,1,2
346,48,F,Oeste,111,Oro,74,12.1,23,38,8,0,Electronica,5,12,22.54,0,4.8,0,1,1,2,4,0
347,52,F,Este,614,Oro,95,5.33,9,39,0,0,Deportes,7,12,64.19,1,1.3,0,0,1,2,3,3
348,50,F,Sur,17,Bronce,48,8.45,28,0,13,1,Electronica,4,7,50.06,0,1.0,1,1,1,0,1,0
349,38,Otro,Este,1804,Bronce,6,5.61,14,3,12,0,Deportes,3,10,85.6,0,1.1,1,1,2,0,3,3
350,49,M,Sur,1206,Bronce,109,19.37,28,29,3,0,Ropa,5,17,13.64,0,3.3,0,1,0,0,1,1
351,40,F,Centro,884,Bronce,10,23.87,3,11,14,0,Hogar,4,18,121.59,0,4.1,1,1,1,0,2,2
352,50,M,Norte,1560,Bronce,91,26.84,17,34,0,0,Ropa,7,5,16.59,1,2.5,1,0,0,0,0,1
353,20,M,Norte,541,Bronce,53,63.78,17,12,0,0,Libros,5,1,95.48,0,3.2,1,1,0,0,0,4
354,35,F,Este,171,Plata,104,23.5,24,30,7,0,Hogar,0,12,11.49,0,3.1,0,1,1,1,3,2
355,42,F,Norte,409,Plata,86,13.8,16,37,13,0,Libros,7,10,152.65,1,1.4,0,1,1,1,0,4
356,59,Otro,Este,740,Bronce,44,6.22,11,42,13,1,Ropa,1,0,25.36,0,2.3,1,0,2,0,3,1
357,48,F,Este,1402,Plata,22,11.8,6,22,12,0,Deportes,0,1,67.97,1,1.1,0,0,1,1,3,3
358,20,M,Este,1212,Bronce,113,0.63,15,3,13,0,Libros,3,16,34.25,0,1.4,0,1,0,0,3,4
359,57,M,Norte,858,Bronce,27,20.49,10,15,10,0,Electronica,4,7,112.6,0,4.2,1,0,0,0,0,0
360,63,F,Este,230,Plata,106,8.86,13,6,14,0,Deportes,5,1,41.01,0,4.3,1,1,1,1,3,3
361,41,M,Norte,119,Plata,110,0.3,2,21,1,0,Deportes,3,5,113.17,0,4.2,1,0,0,1,0,3
362,49,M,Este,1180,Plata,56,0.97,18,28,0,0,Ropa,3,4,36.82,0,3.9,0,0,0,1,3,1
363,64,M,Oeste,784,Bronce,25,7.35,17,10,10,0,Ropa,7,15,121.7,1,4.2,0,1,0,0,4,1
364,39,M,Este,1711,Plata,24,13.14,29,32,7,1,Hogar,1,7,12.49,1,3.7,1,1,0,1,3,2
365,40,M,Sur,465,Plata,53,9.36,9,28,3,1,Hogar,6,18,36.65,0,3.7,0,1,0,1,1,2
366,19,M,Este,104,Plata,28,14.48,5,38,2,1,Electronica,3,15,65.23,0,3.7,0,0,0,1,3,0
367,44,M,Centro,1628,Plata,82,9.82,12,11,12,1,Deportes,1,12,13.69,1,3.1,0,1,0,1,2,3
368,59,M,Este,698,Oro,96,16.26,9,6,11,1,Electronica,4,19,26.47,0,2.5,1,1,0,2,3,0
369,19,Otro,Sur,1819,Plata,35,3.71,17,38,3,0,Electronica,4,6,228.1,0,3.9,1,0,2,1,1,0
370,43,M,Sur,1526,Plata,13,1.8,25,41,13,1,Ropa,5,15,311.21,0,2.2,1,1,0,1,1,1
371,34,M,Norte,1717,Oro,77,13.61,19,47,10,0,Electronica,6,15,117.69,1,3.2,0,1,0,2,0,0
372,57,F,Oeste,1706,Plata,34,9.94,25,25,4,1,Electronica,1,11,33.25,0,2.7,0,1,1,1,4,0
373,50,M,Este,1723,Bronce,29,0.41,15,39,0,1,Libros,0,13,34.14,0,2.1,0,0,0,0,3,4
374,26,F,Norte,175,Plata,91,7.18,24,8,14,0,Hogar,4,17,93.03,0,4.9,1,1,1,1,0,2
375,60,F,Oeste,1758,Bronce,16,1.68,24,40,13,0,Hogar,7,17,20.01,0,2.0,0,1,1,0,4,2
376,56,M,Este,745,Bronce,66,11.37,5,33,10,0,Deportes,6,15,247.0,1,2.2,0,0,0,0,3,3
377,46,M,Centro,1698,Plata,79,7.56,12,44,0,1,Hogar,5,19,30.37,1,1.6,1,0,0,1,2,2
378,59,F,Este,1445,Oro,109,14.25,3,12,2,1,Deportes,0,15,643.39,0,4.3,0,0,1,2,3,3
379,43,F,Sur,1158,Oro,29,24.57,22,35,5,1,Libros,4,12,64.77,0,3.3,0,0,1,2,1,4
380,52,M,Sur,1415,Bronce,115,5.34,13,24,0,0,Hogar,4,8,128.07,1,3.5,1,0,0,0,1,2
381,42,F,Centro,1760,Plata,92,49.09,0,23,13,1,Libros,5,8,10.17,0,4.3,0,1,1,1,2,4
382,41,M,Norte,1525,Bronce,44,11.51,27,43,10,0,Hogar,5,12,185.68,0,2.4,0,1,0,0,0,2
383,30,Otro,Oeste,665,Oro,78,14.45,19,16,11,1,Hogar,2,3,35.18,1,1.8,0,1,2,2,4,2
384,24,M,Este,33,Oro,109,17.12,4,1,14,0,Libros,7,8,98.19,0,1.8,0,1,0,2,3,4
385,53,F,Sur,55,Plata,119,16.48,7,12,1,0,Electronica,3,14,141.34,0,3.9,0,0,1,1,1,0
386,62,F,Norte,519,Plata,88,10.73,11,30,14,0,Electronica,3,13,24.34,0,3.5,1,1,1,1,0,0
387,37,F,Centro,756,Plata,50,8.4,1,28,11,1,Electronica,0,18,56.74,0,1.8,0,0,1,1,2,0
388,18,F,Sur,1662,Plata,101,0.83,11,49,13,1,Electronica,3,11,64.47,0,1.6,1,1,1,1,1,0
389,25,M,Centro,12,Bronce,105,0.34,4,27,6,0,Hogar,0,5,39.93,0,1.5,0,0,0,0,2,2
390,63,M,Este,1552,Bronce,46,6.65,21,26,13,0,Ropa,6,2,62.58,1,3.5,0,1,0,0,3,1
391,33,M,Oeste,720,Plata,52,6.09,4,14,13,1,Libros,4,19,40.56,0,1.0,0,1,0,1,4,4
392,31,M,Sur,555,Plata,63,7.36,12,30,0,0,Ropa,2,15,45.8,0,1.1,1,1,0,1,1,1
393,29,F,Sur,373,Bronce,117,2.23,8,39,12,1,Ropa,2,19,98.53,0,2.6,0,1,1,0,1,1
394,40,M,Este,484,Oro,115,20.1,9,14,13,0,Deportes,7,16,90.1,0,3.8,1,1,0,2,3,3
395,32,M,Norte,973,Bronce,37,29.17,0,32,14,0,Electronica,7,15,31.14,0,3.8,1,1,0,0,0,0
396,45,Otro,Oeste,1671,Plata,63,41.88,29,19,6,1,Hogar,4,5,192.22,0,2.7,1,1,2,1,4,2
397,51,F,Sur,1252,Plata,86,10.17,2,41,14,1,Electronica,5,7,168.9,0,3.8,1,1,1,1,1,0
398,19,F,Oeste,623,Plata,88,18.1,29,11,3,0,Electronica,7,18,66.92,0,3.1,0,1,1,1,4,0
399,49,Otro,Sur,307,Plata,105,29.02,17,36,9,0,Ropa,7,1,55.43,0,4.9,1,1,2,1,1,1
400,40,M,Oeste,457,Bronce,6,8.13,11,8,13,1,Deportes,1,13,47.84,0,1.6,1,0,0,0,4,3
401,39,M,Centro,160,Bronce,21,5.55,28,22,5,0,Electronica,1,11,108.28,0,3.4,1,1,0,0,2,0
402,42,F,Sur,331,Plata,80,41.4,2,7,13,1,Libros,3,16,99.1,0,3.0,0,0,1,1,1,4
403,39,F,Oeste,776,Plata,81,10.88,25,31,7,0,Libros,5,14,27.47,0,1.8,1,1,1,1,4,4
404,39,M,Norte,225,Bronce,112,10.32,24,47,8,0,Electronica,0,17,99.05,0,4.0,0,1,0,0,0,0
405,59,F,Centro,983,Plata,40,2.95,28,13,5,1,Ropa,6,15,33.27,0,2.1,0,1,1,1,2,1
406,23,M,Centro,729,Bronce,73,1.72,29,26,11,1,Ropa,2,12,11.5,0,2.5,1,1,0,0,2,1
407,32,M,Norte,1528,Plata,9,27.69,8,24,10,0,Hogar,3,16,106.11,1,2.5,1,1,0,1,0,2
408,60,F,Oeste,1480,Plata,56,14.28,25,12,12,1,Deportes,7,7,92.8,0,2.0,1,1,1,1,4,3
409,54,F,Este,1069,Bronce,6,5.91,1,20,14,0,Ropa,4,0,52.32,0,2.7,1,0,1,0,3,1
410,50,F,Norte,1238,Bronce,111,3.19,29,44,13,0,Hogar,5,2,69.67,0,2.9,0,1,1,0,0,2
411,25,M,Oeste,1083,Plata,49,12.16,2,30,8,1,Libros,7,15,245.25,0,4.0,0,0,0,1,4,4
412,61,F,Norte,644,Plata,101,13.15,13,36,3,1,Libros,2,1,82.35,1,4.1,1,0,1,1,0,4
413,61,M,Norte,616,Plata,90,3.48,3,47,5,1,Libros,0,14,95.81,0,1.6,0,0,0,1,0,4
414,22,M,Sur,195,Plata,51,28.6,24,42,7,0,Electronica,0,0,15.28,0,3.4,1,1,0,1,1,0
415,56,F,Oeste,489,Plata,32,1.32,18,4,8,0,Deportes,1,8,24.52,0,4.6,0,1,1,1,4,3
416,21,F,Este,157,Oro,0,6.6,12,12,2,0,Hogar,3,15,38.64,0,1.4,0,0,1,2,3,2
417,23,F,Sur,610,Plata,107,17.11,6,27,1,0,Deportes,7,3,72.01,0,2.9,0,0,1,1,1,3
418,62,F,Norte,1250,Bronce,52,4.81,11,42,5,1,Electronica,4,11,129.9,1,4.0,0,1,1,0,0,0
419,49,F,Norte,412,Bronce,59,26.38,2,24,3,0,Hogar,2,0,41.0,0,3.4,1,0,1,0,0,2
420,47,F,Norte,1229,Bronce,33,20.2,22,34,0,1,Hogar,7,0,45.25,0,1.4,0,1,1,0,0,2
421,64,M,Oeste,1103,Plata,3,23.34,22,46,7,0,Ropa,6,6,33.67,0,2.6,0,1,0,1,4,1
422,52,M,Oeste,1148,Bronce,16,1.9,8,38,8,0,Deportes,0,17,33.51,0,3.0,1,1,0,0,4,3
423,57,M,Sur,471,Oro,3,2.27,1,6,13,0,Deportes,7,14,247.86,0,5.0,0,1,0,2,1,3
424,33,M,Este,1242,Plata,42,5.06,28,37,8,0,Ropa,2,12,90.73,0,1.7,1,1,0,1,3,1
425,30,F,Sur,516,Plata,117,10.95,21,31,1,0,Libros,4,15,23.56,0,4.9,0,1,1,1,1,4
426,59,F,Centro,1626,Bronce,89,20.68,8,2,8,1,Electronica,2,6,112.48,0,2.5,0,0,1,0,2,0
427,47,M,Norte,1128,Bronce,3,27.17,11,44,6,0,Deportes,3,15,112.42,0,1.8,1,0,0,0,0,3
428,36,M,Norte,393,Bronce,0,18.28,11,38,4,1,Ropa,1,12,97.84,0,2.7,1,0,0,0,0,1
429,34,F,Norte,631,Bronce,70,39.59,14,36,6,0,Hogar,2,13,21.58,0,3.5,0,1,1,0,0,2
430,36,M,Sur,1669,Bronce,93,20.13,1,49,12,1,Ropa,5,16,51.94,0,1.9,1,0,0,0,1,1
431,45,F,Sur,608,Plata,49,5.49,17,21,8,0,Libros,7,11,19.03,1,2.2,1,1,1,1,1,4
432,43,F,Norte,980,Oro,72,4.62,12,7,7,1,Electronica,1,19,145.7,0,4.4,0,1,1,2,0,0
433,54,F,Sur,434,Oro,60,17.87,13,16,5,0,Libros,4,12,95.18,0,5.0,0,1,1,2,1,4
434,43,F,Oeste,1355,Plata,34,3.21,4,26,12,1,Hogar,1,19,66.61,0,2.3,0,0,1,1,4,2
435,40,F,Oeste,1167,Bronce,7,1.46,25,32,3,1,Hogar,2,14,43.61,0,1.6,0,1,1,0,4,2
436,26,M,Sur,1824,Oro,23,11.4,9,45,12,0,Hogar,2,3,26.29,0,4.2,0,1,0,2,1,2
437,29,F,Norte,540,Oro,82,25.86,11,16,14,0,Hogar,5,1,19.0,1,3.4,1,1,1,2,0,2
438,18,F,Sur,278,Bronce,35,1.6,9,41,0,0,Ropa,0,17,288.52,0,1.4,0,0,1,0,1,1
439,18,M,Sur,233,Plata,49,23.55,23,11,5,1,Hogar,7,1,27.82,0,4.8,1,0,0,1,1,2
440,64,F,Sur,1553,Bronce,115,25.04,10,47,2,0,Hogar,5,14,14.94,0,1.3,0,0,1,0,1,2
441,51,F,Centro,1595,Plata,42,9.87,24,45,5,0,Ropa,2,18,270.92,1,3.5,1,1,1,1,2,1
442,49,F,Oeste,1114,Oro,26,0.89,1,26,5,0,Hogar,6,14,73.69,0,2.7,1,0,1,2,4,2
443,42,F,Este,1516,Bronce,31,2.88,4,47,13,0,Libros,1,19,137.43,0,3.2,0,0,1,0,3,4
444,57,F,Este,1223,Oro,77,18.44,29,7,3,1,Libros,5,9,13.58,1,1.9,0,0,1,2,3,4
445,62,F,Centro,362,Plata,17,18.66,6,22,1,0,Deportes,5,19,76.95,0,3.8,0,0,1,1,2,3
446,18,F,Sur,1465,Oro,27,34.29,5,41,14,1,Libros,7,10,50.63,0,4.8,1,1,1,2,1,4
447,33,F,Centro,26,Bronce,28,13.11,21,48,8,1,Electronica,6,9,128.26,0,2.8,0,1,1,0,2,0
448,56,F,Centro,1049,Plata,15,1.99,22,28,1,0,Electronica,6,4,13.13,0,3.1,0,1,1,1,2,0
449,22,F,Norte,1418,Bronce,98,1.94,2,49,2,1,Electronica,6,8,51.09,0,2.0,1,0,1,0,0,0
450,39,F,Oeste,507,Bronce,46,19.16,12,19,9,0,Ropa,7,19,138.39,0,4.6,1,1,1,0,4,1
451,46,M,Este,1325,Bronce,58,3.05,2,15,0,1,Libros,0,18,69.17,0,4.9,0,0,0,0,3,4
452,20,F,Sur,1363,Oro,30,5.97,25,16,6,0,Electronica,2,12,73.89,0,4.1,0,1,1,2,1,0
453,29,F,Este,267,Plata,3,10.02,24,15,14,1,Deportes,2,17,18.18,0,3.2,1,1,1,1,3,3
454,43,M,Este,461,Oro,36,0.38,29,18,0,0,Ropa,4,16,21.36,0,4.8,1,1,0,2,3,1
455,33,F,Oeste,1717,Oro,16,4.29,23,7,10,0,Deportes,7,5,100.41,0,1.6,0,0,1,2,4,3
456,54,M,Este,456,Bronce,38,7.86,20,37,8,0,Libros,0,9,99.93,1,2.9,0,1,0,0,3,4
457,39,M,Este,1384,Bronce,47,4.92,5,37,10,0,Hogar,4,1,319.45,1,3.2,1,0,0,0,3,2
458,46,F,Centro,1092,Bronce,45,2.2,10,28,10,1,Deportes,4,5,109.57,1,3.0,1,1,1,0,2,3
459,31,M,Oeste,1007,Bronce,89,19.53,27,40,0,0,Hogar,4,12,64.38,0,4.2,1,1,0,0,4,2
460,45,F,Norte,863,Bronce,47,25.16,25,35,4,1,Ropa,7,17,165.78,0,3.7,0,0,1,0,0,1
461,22,F,Sur,1436,Bronce,38,4.47,16,25,6,0,Deportes,3,6,18.83,1,1.5,0,1,1,0,1,3
462,64,F,Este,491,Bronce,104,22.34,9,30,2,1,Deportes,4,1,57.72,1,2.4,1,0,1,0,3,3
463,47,M,Sur,1073,Bronce,3,7.31,11,43,8,0,Ropa,5,13,37.07,0,2.4,0,0,0,0,1,1
464,63,M,Norte,1711,Bronce,29,10.6,16,11,7,0,Ropa,1,4,18.84,0,3.3,0,1,0,0,0,1
465,22,F,Sur,564,Bronce,29,29.07,3,16,12,0,Electronica,5,17,125.35,0,2.2,0,1,1,0,1,0
466,29,Otro,Norte,1126,Oro,21,20.79,1,14,14,1,Libros,5,10,67.2,0,1.5,0,1,2,2,0,4
467,33,F,Centro,216,Plata,74,24.53,10,8,2,0,Deportes,2,9,75.09,0,3.6,0,0,1,1,2,3
468,43,M,Este,1462,Oro,65,2.21,6,38,14,1,Deportes,3,10,52.38,0,4.4,1,1,0,2,3,3
469,43,F,Norte,1724,Bronce,107,1.08,1,41,4,1,Ropa,7,1,59.34,0,4.7,1,0,1,0,0,1
470,38,F,Sur,1593,Bronce,11,33.58,25,47,6,0,Ropa,4,14,19.87,0,4.9,1,1,1,0,1,1
471,56,F,Este,559,Plata,93,7.36,17,11,11,1,Libros,2,6,99.4,0,4.1,1,1,1,1,3,4
472,53,M,Centro,159,Bronce,35,5.09,20,31,13,0,Ropa,0,8,55.31,0,1.6,0,1,0,0,2,1
473,50,F,Este,489,Bronce,17,19.35,3,24,3,0,Hogar,0,4,145.76,1,4.4,0,0,1,0,3,2
474,47,F,Norte,686,Bronce,89,27.16,7,38,4,1,Hogar,7,6,27.48,0,2.6,0,0,1,0,0,2
475,54,Otro,Centro,1266,Bronce,52,29.76,19,17,2,1,Hogar,2,19,28.36,0,3.9,0,1,2,0,2,2
476,40,M,Sur,794,Bronce,70,5.7,13,14,8,1,Hogar,1,1,93.02,0,3.1,1,0,0,0,1,2
477,27,F,Centro,1777,Bronce,0,28.68,11,31,9,0,Libros,7,2,159.67,0,4.3,0,1,1,0,2,4
478,22,F,Centro,5,Plata,57,0.63,21,5,8,0,Deportes,2,1,61.12,0,2.7,0,1,1,1,2,3
479,53,M,Oeste,1620,Bronce,89,0.76,20,43,6,0,Hogar,2,18,113.85,0,1.2,1,1,0,0,4,2
480,51,F,Centro,361,Bronce,86,14.65,26,42,9,1,Ropa,3,3,594.65,0,3.2,0,1,1,0,2,1
481,48,F,Centro,459,Plata,89,0.98,29,34,1,0,Hogar,7,19,380.57,0,1.7,1,1,1,1,2,2
482,27,M,Este,248,Bronce,108,5.89,17,33,6,1,Libros,0,6,119.11,0,4.9,0,0,0,0,3,4
483,36,M,Sur,1590,Bronce,5,16.76,10,37,6,0,Ropa,0,6,117.64,0,3.1,0,1,0,0,1,1
484,49,F,Este,1697,Oro,69,6.17,28,4,10,0,Hogar,4,16,32.76,0,3.2,0,1,1,2,3,2
485,18,M,Este,946,Bronce,43,2.97,27,17,4,0,Deportes,5,18,153.44,1,4.6,1,1,0,0,3,3
486,22,F,Norte,422,Bronce,71,4.96,29,15,8,0,Ropa,7,15,51.55,0,3.5,0,1,1,0,0,1
487,62,M,Este,1762,Bronce,23,9.18,7,7,12,0,Ropa,2,2,271.6,0,2.2,0,1,0,0,3,1
488,21,F,Oeste,15,Bronce,85,9.68,1,24,11,1,Deportes,7,14,16.79,0,2.2,0,0,1,0,4,3
489,33,M,Oeste,736,Plata,18,22.92,24,31,10,1,Ropa,2,13,55.79,0,3.0,0,1,0,1,4,1
490,41,F,Norte,1597,Plata,100,20.8,14,25,2,0,Hogar,1,14,74.93,0,4.5,0,0,1,1,0,2
491,33,Otro,Sur,1146,Bronce,17,9.15,8,21,3,0,Ropa,7,13,51.56,0,4.2,1,0,2,0,1,1
492,19,Otro,Sur,277,Plata,94,28.03,18,30,0,0,Hogar,6,6,28.92,0,4.9,1,1,2,1,1,2
493,45,F,Este,1582,Plata,100,1.82,19,42,5,1,Deportes,6,2,81.91,0,1.3,1,1,1,1,3,3
494,49,M,Este,453,Bronce,29,4.42,7,9,3,0,Electronica,0,16,122.82,1,2.1,0,0,0,0,3,0
495,44,F,Este,1414,Plata,41,26.4,24,11,0,1,Deportes,1,9,92.81,1,1.3,0,0,1,1,3,3
496,37,M,Sur,1318,Bronce,32,7.12,18,27,1,0,Hogar,3,14,31.37,0,4.0,0,1,0,0,1,2
497,41,M,Centro,1598,Bronce,73,59.59,4,5,14,0,Libros,4,5,115.22,0,1.6,0,1,0,0,2,4
498,29,M,Oeste,598,Bronce,100,9.42,10,19,2,1,Deportes,1,16,33.75,0,1.4,0,0,0,0,4,3
499,52,F,Centro,446,Bronce,11,23.55,14,4,8,0,Libros,0,16,25.41,0,3.2,0,0,1,0,2,4
500,50,F,Centro,210,Bronce,117,7.72,7,22,12,0,Libros,3,13,103.87,0,2.6,1,1,1,0,2,4
501,50,F,Sur,1614,Plata,93,8.3,18,8,7,0,Hogar,2,17,158.01,0,3.9,1,1,1,1,1,2
502,60,M,Centro,714,Bronce,26,7.24,22,28,6,0,Hogar,3,4,62.55,0,2.9,1,1,0,0,2,2
503,54,M,Norte,302,Bronce,38,19.05,26,15,12,0,Electronica,5,7,70.64,0,2.7,1,1,0,0,0,0
504,29,Otro,Este,1247,Bronce,8,11.9,7,45,14,1,Ropa,7,6,38.85,0,2.7,0,1,2,0,3,1
505,20,M,Norte,1758,Plata,117,43.18,25,21,10,1,Deportes,1,3,64.6,0,4.5,0,1,0,1,0,3
506,18,M,Oeste,3,Plata,20,4.33,26,7,11,0,Hogar,0,17,21.32,0,2.6,0,1,0,1,4,2
507,50,M,Este,990,Plata,75,1.59,29,19,13,1,Deportes,1,4,259.58,0,2.3,0,0,0,1,3,3
508,57,F,Centro,1542,Plata,118,7.49,18,13,3,0,Libros,2,15,138.9,0,2.4,0,1,1,1,2,4
509,27,F,Oeste,1117,Oro,28,14.38,17,38,0,0,Ropa,6,13,98.2,0,1.8,0,1,1,2,4,1
510,60,M,Este,520,Bronce,32,29.58,9,36,7,0,Electronica,2,18,71.81,0,4.4,0,0,0,0,3,0
511,61,M,Centro,1452,Plata,106,6.37,28,49,3,0,Deportes,0,13,135.68,0,1.6,1,1,0,1,2,3
512,46,F,Norte,493,Plata,61,15.91,6,33,2,0,Ropa,5,8,64.62,0,4.6,1,0,1,1,0,1
513,30,F,Este,1259,Oro,116,6.47,27,10,8,1,Electronica,4,5,38.53,1,2.1,0,1,1,2,3,0
514,29,M,Centro,620,Oro,14,14.4,8,39,9,0,Deportes,7,16,23.98,1,4.6,0,0,0,2,2,3
515,48,F,Norte,1185,Bronce,1,32.42,0,32,3,0,Ropa,7,18,93.44,0,4.2,0,0,1,0,0,1
516,63,M,Oeste,1745,Bronce,51,3.95,18,30,3,0,Hogar,3,11,222.09,0,3.3,1,1,0,0,4,2
517,19,M,Oeste,1776,Bronce,102,7.77,4,43,13,1,Deportes,3,3,23.34,0,3.7,0,0,0,0,4,3
518,52,F,Oeste,331,Plata,116,75.01,18,33,8,1,Ropa,2,15,25.88,0,2.3,1,1,1,1,4,1
519,40,M,Oeste,333,Bronce,43,30.44,0,49,12,0,Electronica,1,10,55.48,1,3.3,1,1,0,0,4,0
520,34,F,Sur,50,Bronce,53,12.47,14,6,11,0,Ropa,6,3,141.56,0,2.2,0,0,1,0,1,1
521,43,M,Este,1547,Plata,17,10.9,15,48,10,0,Hogar,1,16,37.84,1,2.6,0,0,0,1,3,2
522,25,M,Este,863,Bronce,2,5.02,22,22,11,0,Deportes,5,7,33.43,0,4.1,0,1,0,0,3,3
523,46,Otro,Sur,1692,Oro,6,10.92,6,45,13,0,Deportes,4,13,87.4,0,2.0,0,1,2,2,1,3
524,43,M,Centro,1516,Bronce,42,28.28,25,6,1,0,Deportes,7,1,71.36,0,4.4,1,0,0,0,2,3
525,27,F,Centro,1606,Bronce,81,17.34,11,24,13,0,Hogar,1,10,14.97,0,2.5,0,1,1,0,2,2
526,43,M,Oeste,1705,Bronce,107,5.14,7,2,11,0,Electronica,7,10,16.8,0,3.1,0,1,0,0,4,0
527,51,M,Norte,272,Plata,37,3.37,4,37,4,0,Deportes,3,5,92.4,0,4.8,1,0,0,1,0,3
528,58,M,Centro,580,Bronce,36,4.62,9,19,14,1,Electronica,7,13,60.06,0,3.7,0,1,0,0,2,0
529,24,F,Norte,1276,Bronce,57,2.79,27,33,3,1,Ropa,6,9,293.17,0,3.6,0,1,1,0,0,1
530,21,M,Este,560,Oro,32,1.51,20,48,8,0,Electronica,7,7,100.79,0,3.8,0,1,0,2,3,0
531,62,F,Norte,696,Bronce,107,8.15,4,43,11,0,Electronica,1,6,10.81,0,4.7,1,0,1,0,0,0
532,28,M,Este,1723,Plata,58,1.8,16,43,4,0,Deportes,6,7,62.47,0,2.0,1,0,0,1,3,3
533,46,Otro,Sur,1114,Plata,94,2.83,25,29,8,0,Libros,7,7,52.82,0,3.5,0,1,2,1,1,4
534,53,M,Sur,446,Bronce,10,11.89,4,16,10,1,Libros,4,1,19.03,0,2.6,1,0,0,0,1,4
535,42,F,Oeste,1017,Plata,67,2.7,21,9,8,0,Hogar,3,15,215.33,0,1.0,1,1,1,1,4,2
536,38,F,Centro,1356,Bronce,81,0.99,14,34,13,1,Hogar,7,8,140.79,1,1.5,0,1,1,0,2,2
537,53,F,Oeste,1163,Plata,67,5.73,12,19,1,1,Libros,6,12,30.92,0,2.3,1,0,1,1,4,4
538,27,F,Este,357,Bronce,112,3.73,27,17,13,0,Ropa,1,11,33.66,0,3.3,0,1,1,0,3,1
539,54,F,Oeste,1625,Plata,97,10.86,0,44,14,0,Deportes,3,16,12.6,0,4.5,1,0,1,1,4,3
540,26,F,Norte,274,Bronce,92,1.62,10,43,8,0,Deportes,2,1,38.16,0,4.2,0,0,1,0,0,3
541,41,M,Este,1043,Plata,87,20.9,22,26,2,0,Ropa,2,12,80.29,0,3.2,1,0,0,1,3,1
542,52,M,Sur,311,Bronce,21,35.5,0,48,3,0,Ropa,5,0,53.69,0,1.3,0,0,0,0,1,1
543,52,F,Centro,870,Bronce,65,20.41,10,35,0,0,Libros,2,18,288.56,0,2.1,1,0,1,0,2,4
544,53,F,Este,886,Bronce,43,11.42,17,22,13,1,Hogar,1,10,14.62,0,2.5,0,1,1,0,3,2
545,35,F,Este,154,Bronce,5,29.56,17,31,0,0,Ropa,4,4,81.61,0,3.5,1,0,1,0,3,1
546,56,F,Norte,1414,Plata,41,17.81,20,9,0,0,Hogar,3,0,166.33,0,1.3,0,0,1,1,0,2
547,49,M,Centro,1284,Bronce,24,0.16,29,10,8,1,Electronica,6,19,62.43,1,3.1,1,1,0,0,2,0
548,41,M,Sur,620,Oro,118,7.52,25,37,10,1,Deportes,0,12,10.24,1,4.6,1,1,0,2,1,3
549,40,F,Este,883,Oro,56,28.55,15,5,7,0,Libros,2,7,32.25,0,3.8,0,1,1,2,3,4
550,49,M,Este,797,Plata,84,6.37,12,40,4,1,Deportes,2,5,41.3,0,4.2,1,0,0,1,3,3
551,54,M,Norte,1595,Bronce,54,0.54,6,46,4,0,Libros,0,16,280.5,0,3.7,0,0,0,0,0,4
552,29,F,Oeste,125,Bronce,15,20.57,0,33,8,0,Electronica,6,11,204.23,0,1.8,1,0,1,0,4,0
553,30,M,Sur,1378,Plata,94,24.3,25,35,2,0,Deportes,6,0,248.34,0,1.4,1,1,0,1,1,3
554,40,F,Centro,1297,Bronce,13,2.63,15,36,2,0,Electronica,0,2,149.79,0,4.3,0,0,1,0,2,0
555,42,M,Este,619,Bronce,38,11.56,0,16,6,1,Libros,6,13,44.67,0,3.8,1,1,0,0,3,4
556,52,F,Este,245,Plata,27,3.2,16,39,8,1,Ropa,1,7,199.05,0,3.3,0,1,1,1,3,1
557,58,M,Sur,848,Plata,95,19.05,5,39,5,1,Deportes,6,10,330.0,0,1.8,0,0,0,1,1,3
558,47,M,Oeste,450,Plata,91,4.75,1,11,13,0,Electronica,3,13,44.47,0,3.4,1,1,0,1,4,0
559,34,M,Este,930,Bronce,50,5.7,16,20,1,0,Deportes,6,7,34.15,0,1.1,1,0,0,0,3,3
560,37,M,Sur,1271,Plata,118,27.96,5,39,0,0,Deportes,7,2,73.33,0,1.5,0,1,0,1,1,3
561,42,M,Norte,520,Bronce,48,9.7,13,18,1,0,Deportes,7,6,26.58,0,2.2,0,0,0,0,0,3
562,39,M,Oeste,1165,Bronce,8,16.62,17,2,13,1,Hogar,2,18,12.65,0,2.8,1,1,0,0,4,2
563,30,F,Centro,362,Oro,57,7.72,5,17,13,1,Electronica,4,3,243.25,0,1.5,0,1,1,2,2,0
564,36,M,Este,8,Bronce,44,5.31,9,18,0,0,Electronica,1,15,218.02,0,1.5,1,0,0,0,3,0
565,53,F,Sur,478,Bronce,21,14.73,23,46,9,0,Deportes,1,12,24.2,0,3.9,1,1,1,0,1,3
566,29,F,Norte,1376,Bronce,31,2.52,17,5,9,0,Ropa,6,19,51.9,0,3.3,0,1,1,0,0,1
567,58,F,Centro,495,Oro,68,7.0,26,15,8,0,Deportes,4,18,152.25,0,3.1,0,1,1,2,2,3
568,36,M,Sur,1630,Plata,86,3.52,8,7,14,0,Hogar,4,4,96.54,0,2.8,0,1,0,1,1,2
569,29,F,Sur,833,Plata,68,17.85,7,47,9,0,Libros,5,4,50.17,0,4.9,0,1,1,1,1,4
570,26,M,Centro,1451,Plata,41,43.29,27,17,14,0,Hogar,4,19,119.06,0,1.2,1,1,0,1,2,2
571,24,M,Norte,1063,Bronce,52,81.09,9,47,11,0,Ropa,6,3,191.88,0,1.7,1,0,0,0,0,1
572,45,Otro,Norte,593,Bronce,95,8.98,16,42,13,0,Deportes,6,1,218.47,1,3.6,1,1,2,0,0,3
573,31,M,Oeste,187,Bronce,58,4.37,22,38,12,0,Electronica,0,12,48.09,0,1.5,0,1,0,0,4,0
574,48,F,Este,1620,Bronce,73,8.77,29,48,7,1,Deportes,2,15,25.25,0,3.4,0,1,1,0,3,3
575,36,F,Centro,1624,Bronce,38,28.19,28,48,14,0,Ropa,7,1,205.2,0,3.3,1,1,1,0,2,1
576,64,F,Centro,754,Oro,14,3.46,25,11,6,1,Electronica,5,18,17.77,0,4.9,1,1,1,2,2,0
577,33,F,Centro,93,Bronce,70,45.58,5,44,14,0,Hogar,6,16,112.32,0,4.5,1,1,1,0,2,2
578,22,M,Norte,86,Bronce,28,6.28,13,9,2,0,Libros,0,4,22.11,0,4.8,0,0,0,0,0,4
579,52,M,Este,1068,Bronce,110,63.82,21,6,7,0,Libros,5,17,49.46,0,1.5,1,0,0,0,3,4
580,29,F,Oeste,137,Bronce,2,27.36,21,45,1,0,Deportes,2,17,52.42,1,4.5,0,0,1,0,4,3
581,42,M,Sur,421,Oro,82,24.8,5,0,1,1,Hogar,5,7,23.83,0,1.5,1,0,0,2,1,2
582,38,M,Sur,74,Bronce,9,5.74,25,48,10,0,Ropa,0,14,214.79,0,3.5,1,1,0,0,1,1
583,53,M,Centro,1572,Bronce,91,0.13,6,35,9,1,Libros,3,12,10.21,0,3.9,1,1,0,0,2,4
584,40,M,Este,1637,Plata,28,7.22,11,20,2,1,Hogar,7,12,189.4,0,1.6,0,1,0,1,3,2
585,33,M,Norte,1536,Bronce,78,5.39,2,36,6,0,Deportes,6,15,182.22,0,3.5,1,1,0,0,0,3
586,56,M,Este,1180,Bronce,34,0.57,13,23,0,0,Electronica,7,19,40.5,0,1.2,0,0,0,0,3,0
587,62,F,Este,1279,Bronce,5,10.56,21,24,7,1,Deportes,2,12,107.47,0,2.2,1,1,1,0,3,3
588,59,F,Norte,171,Plata,11,7.74,18,6,11,0,Deportes,1,19,33.31,0,4.7,0,1,1,1,0,3
589,56,F,Centro,1752,Oro,110,15.1,22,41,6,1,Hogar,2,1,123.76,0,1.7,0,1,1,2,2,2
590,31,M,Este,170,Plata,37,14.56,15,16,3,0,Libros,2,2,75.88,0,1.3,0,1,0,1,3,4
591,48,M,Sur,1788,Bronce,76,1.93,6,28,13,0,Hogar,2,14,38.56,0,2.8,1,0,0,0,1,2
592,22,M,Norte,872,Plata,92,56.56,7,29,14,0,Electronica,3,18,50.9,0,4.4,1,1,0,1,0,0
593,52,F,Oeste,322,Bronce,18,3.1,17,6,4,0,Hogar,6,12,103.67,0,1.3,1,0,1,0,4,2
594,40,F,Centro,1591,Bronce,66,8.84,24,32,9,1,Ropa,0,4,199.24,1,2.4,1,1,1,0,2,1
595,46,M,Norte,456,Bronce,7,10.04,12,6,12,0,Deportes,6,5,21.21,0,4.6,1,1,0,0,0,3
596,60,F,Oeste,944,Bronce,7,25.15,20,23,0,1,Libros,1,13,77.77,0,1.5,0,0,1,0,4,4
597,28,M,Oeste,1627,Plata,118,1.57,8,10,3,0,Electronica,0,3,33.41,0,2.2,1,1,0,1,4,0
598,35,F,Este,790,Plata,83,8.4,9,8,14,0,Deportes,5,18,139.31,0,4.1,1,1,1,1,3,3
599,64,F,Este,613,Oro,46,14.85,20,11,0,0,Hogar,5,6,15.83,0,3.2,0,1,1,2,3,2
600,29,F,Este,1179,Plata,3,3.63,22,34,0,0,Ropa,5,3,103.43,0,4.3,0,0,1,1,3,1
601,26,F,Norte,889,Plata,50,14.81,26,3,9,0,Hogar,0,1,25.38,0,1.4,0,0,1,1,0,2
602,27,F,Norte,349,Bronce,84,38.59,8,35,0,0,Deportes,4,6,82.58,0,4.7,0,0,1,0,0,3
603,61,M,Centro,1475,Bronce,66,89.98,14,27,6,1,Electronica,3,2,154.48,0,4.7,0,0,0,0,2,0
604,34,F,Este,1677,Plata,44,0.49,19,12,6,0,Libros,4,14,122.55,1,1.6,0,0,1,1,3,4
605,55,M,Oeste,1197,Bronce,7,4.03,1,22,3,0,Deportes,6,0,121.85,1,1.1,1,0,0,0,4,3
606,24,F,Sur,10,Plata,86,5.57,24,18,14,1,Electronica,5,1,68.36,0,5.0,0,1,1,1,1,0
607,63,F,Centro,740,Bronce,15,7.64,12,41,12,1,Deportes,3,9,187.13,0,2.9,0,0,1,0,2,3
608,30,F,Norte,1289,Bronce,76,4.16,1,36,11,0,Ropa,0,15,80.96,0,3.3,1,0,1,0,0,1
609,57,M,Centro,1462,Bronce,66,3.41,18,38,1,0,Hogar,5,14,209.61,1,3.5,0,1,0,0,2,2
610,59,F,Centro,1784,Bronce,111,46.37,25,23,11,1,Libros,0,14,73.26,0,4.2,0,1,1,0,2,4
611,26,F,Centro,1271,Bronce,8,37.61,1,15,2,0,Electronica,3,13,66.41,0,4.2,1,0,1,0,2,0
612,44,F,Centro,667,Plata,59,0.72,2,32,7,0,Libros,0,13,30.12,0,1.8,0,0,1,1,2,4
613,19,M,Sur,546,Bronce,77,6.21,5,11,12,0,Libros,0,5,72.96,0,1.9,0,0,0,0,1,4
614,22,M,Este,1523,Plata,76,7.79,2,33,7,1,Libros,1,13,22.12,0,4.5,0,0,0,1,3,4
615,46,M,Oeste,129,Bronce,116,4.1,9,6,10,0,Electronica,6,16,173.03,1,4.3,1,1,0,0,4,0
616,54,M,Centro,1696,Bronce,70,14.87,23,10,10,1,Electronica,4,17,100.13,0,3.5,1,1,0,0,2,0
617,55,F,Centro,601,Bronce,14,15.34,26,30,5,0,Libros,7,19,414.56,0,5.0,1,1,1,0,2,4
618,36,M,Centro,605,Plata,70,28.51,5,28,14,1,Hogar,4,18,17.73,0,3.9,1,1,0,1,2,2
619,25,Otro,Este,327,Bronce,101,20.26,22,12,9,0,Deportes,4,16,32.03,1,1.9,1,1,2,0,3,3
620,62,M,Norte,1777,Plata,97,11.73,15,30,8,0,Libros,2,15,177.75,0,4.4,1,1,0,1,0,4
621,18,M,Norte,980,Bronce,40,15.9,16,1,10,1,Ropa,1,7,50.24,0,2.7,1,1,0,0,0,1
622,39,F,Sur,404,Plata,21,4.8,18,38,11,0,Libros,7,6,60.23,1,1.1,0,1,1,1,1,4
623,34,F,Norte,629,Bronce,23,13.49,2,14,8,0,Electronica,5,19,167.66,0,2.3,0,0,1,0,0,0
624,24,F,Centro,1630,Plata,112,10.08,17,10,3,0,Deportes,5,11,69.02,0,4.1,1,0,1,1,2,3
625,42,F,Centro,1699,Plata,100,2.15,6,33,11,0,Ropa,5,8,27.2,0,4.8,1,0,1,1,2,1
626,62,F,Centro,1635,Oro,43,4.17,8,38,0,0,Deportes,4,13,188.07,1,2.1,1,0,1,2,2,3
627,21,M,Sur,1649,Bronce,0,5.17,19,3,0,1,Deportes,6,19,12.52,1,2.0,0,0,0,0,1,3
628,53,Otro,Centro,1383,Bronce,9,38.72,11,10,14,0,Ropa,4,0,190.61,0,3.3,1,1,2,0,2,1
629,23,Otro,Norte,1627,Bronce,106,3.93,4,28,11,0,Libros,7,9,14.15,0,4.2,1,1,2,0,0,4
630,48,F,Este,718,Plata,79,5.12,2,1,9,0,Libros,6,16,97.69,0,4.0,0,0,1,1,3,4
631,36,M,Este,1041,Plata,109,6.92,10,15,14,1,Libros,1,16,15.95,0,3.2,1,1,0,1,3,4
632,61,F,Oeste,274,Plata,71,16.35,24,38,4,1,Hogar,6,16,107.99,0,3.5,0,1,1,1,4,2
633,56,M,Norte,685,Bronce,55,1.89,29,12,13,0,Libros,7,3,12.76,0,2.0,0,1,0,0,0,4
634,44,M,Centro,116,Bronce,112,46.17,3,36,12,0,Ropa,0,16,157.84,0,2.7,0,1,0,0,2,1
635,27,M,Este,861,Bronce,88,30.1,4,16,1,1,Hogar,4,17,60.18,0,2.0,0,0,0,0,3,2
636,43,M,Norte,693,Oro,49,12.91,0,20,14,0,Libros,5,19,17.85,0,4.5,0,1,0,2,0,4
637,36,F,Este,1115,Plata,11,16.81,26,43,5,1,Hogar,0,1,108.16,0,1.5,1,0,1,1,3,2
638,56,F,Centro,1106,Oro,88,0.25,27,18,6,1,Ropa,4,7,63.76,0,3.7,0,1,1,2,2,1
639,20,F,Este,324,Bronce,80,6.21,28,6,0,1,Libros,3,12,26.95,1,2.0,0,0,1,0,3,4
640,62,M,Oeste,961,Plata,59,23.82,17,37,5,0,Electronica,2,19,11.26,0,2.9,0,0,0,1,4,0
641,30,M,Oeste,114,Plata,25,1.21,11,7,7,1,Ropa,4,14,53.3,1,2.2,0,0,0,1,4,1
642,45,M,Este,1793,Bronce,109,4.98,12,12,11,1,Deportes,3,19,17.16,0,2.3,0,1,0,0,3,3
643,37,Otro,Norte,1082,Plata,111,13.2,8,36,4,0,Deportes,7,8,17.91,0,2.0,0,0,2,1,0,3
644,45,M,Norte,154,Oro,77,4.44,1,1,13,0,Ropa,1,2,34.88,0,4.0,1,1,0,2,0,1
645,25,F,Norte,1428,Oro,40,40.77,4,40,11,0,Deportes,3,2,89.64,0,2.5,1,0,1,2,0,3
646,58,F,Este,1652,Plata,35,2.11,12,10,6,0,Ropa,1,1,70.39,0,3.9,0,0,1,1,3,1
647,56,M,Norte,1290,Bronce,22,23.95,15,23,9,0,Electronica,4,0,15.72,0,2.8,0,0,0,0,0,0
648,18,F,Centro,315,Bronce,42,10.64,15,5,5,0,Ropa,1,13,286.45,0,3.2,0,1,1,0,2,1
649,20,F,Oeste,1739,Oro,5,20.81,23,25,3,0,Libros,3,16,184.55,0,3.2,0,0,1,2,4,4
650,30,F,Centro,1065,Bronce,110,5.58,2,6,14,0,Libros,6,12,34.0,0,4.9,1,1,1,0,2,4
651,45,F,Norte,105,Plata,68,10.84,21,38,14,0,Hogar,2,18,20.44,0,2.5,1,1,1,1,0,2
652,42,M,Centro,1217,Plata,42,29.16,3,18,6,1,Deportes,0,14,238.34,0,1.8,1,0,0,1,2,3
653,50,M,Norte,1425,Plata,24,9.44,10,5,9,1,Deportes,0,13,59.46,0,4.6,0,1,0,1,0,3
654,55,F,Este,1302,Oro,17,6.69,22,42,8,0,Ropa,2,1,39.82,0,1.7,1,1,1,2,3,1
655,23,F,Centro,354,Bronce,61,11.52,25,28,9,0,Deportes,5,6,63.92,1,4.3,0,1,1,0,2,3
656,61,M,Este,1016,Bronce,12,18.95,13,42,9,0,Libros,0,16,128.53,0,1.6,1,1,0,0,3,4
657,62,F,Este,1773,Bronce,42,8.79,28,38,12,1,Electronica,7,17,24.75,0,3.6,1,1,1,0,3,0
658,49,F,Sur,733,Bronce,77,41.92,2,1,6,1,Ropa,4,5,126.71,0,1.6,1,0,1,0,1,1
659,62,F,Norte,1604,Bronce,27,5.24,15,18,11,1,Deportes,5,7,120.73,0,4.7,0,0,1,0,0,3
660,64,M,Oeste,709,Bronce,17,9.68,21,3,13,0,Libros,4,1,72.01,0,3.3,0,1,0,0,4,4
661,38,F,Norte,1280,Plata,58,21.22,14,5,4,1,Hogar,3,0,170.7,1,2.3,0,1,1,1,0,2
662,33,F,Oeste,651,Oro,59,17.53,27,48,6,0,Deportes,7,15,21.34,0,1.6,0,1,1,2,4,3
663,38,M,Norte,824,Bronce,62,29.89,9,36,2,1,Electronica,3,6,82.4,0,2.5,0,1,0,0,0,0
664,28,M,Este,947,Bronce,56,86.21,8,27,1,0,Electronica,5,10,57.73,0,3.8,1,0,0,0,3,0
665,54,Otro,Centro,661,Oro,91,8.35,10,29,10,1,Deportes,5,14,53.89,0,2.5,0,1,2,2,2,3
666,53,M,Centro,99,Bronce,50,1.77,15,6,14,0,Deportes,7,12,33.29,0,2.0,1,1,0,0,2,3
667,52,F,Sur,588,Bronce,55,0.46,9,8,4,1,Libros,7,1,47.25,0,3.3,0,0,1,0,1,4
668,36,F,Oeste,282,Bronce,26,19.47,16,24,3,1,Deportes,5,13,19.16,0,2.7,1,0,1,0,4,3
669,37,M,Oeste,403,Plata,31,31.07,18,32,4,0,Hogar,5,5,33.19,0,1.7,0,0,0,1,4,2
670,35,F,Oeste,1133,Bronce,110,3.74,1,0,7,0,Libros,1,8,35.39,0,1.6,1,0,1,0,4,4
671,64,M,Este,700,Oro,8,2.59,23,5,11,1,Ropa,6,6,112.03,0,3.8,0,1,0,2,3,1
672,58,F,Oeste,199,Bronce,103,0.96,22,17,3,0,Hogar,5,17,13.98,0,4.9,0,0,1,0,4,2
673,31,M,Centro,1327,Plata,95,25.95,1,9,14,0,Libros,7,8,94.26,0,1.9,1,1,0,1,2,4
674,32,F,Este,327,Bronce,83,5.6,5,27,8,0,Libros,6,3,30.02,0,4.1,0,0,1,0,3,4
675,48,M,Norte,154,Bronce,91,7.7,18,10,6,0,Electronica,5,8,16.83,0,1.4,0,1,0,0,0,0
676,18,M,Oeste,552,Plata,96,10.48,7,32,9,0,Libros,3,3,38.63,0,2.5,0,1,0,1,4,4
677,20,Otro,Oeste,1669,Plata,67,27.44,25,0,12,0,Hogar,4,11,30.34,0,3.0,0,1,2,1,4,2
678,33,M,Norte,405,Plata,45,15.78,28,12,11,0,Deportes,6,3,74.24,1,2.1,0,1,0,1,0,3
679,40,F,Oeste,462,Plata,97,14.32,2,36,6,0,Hogar,3,19,45.38,0,3.1,0,0,1,1,4,2
680,28,M,Norte,132,Oro,111,2.9,25,19,14,1,Ropa,0,13,280.5,0,4.5,1,1,0,2,0,1
681,29,F,Este,791,Plata,66,10.8,13,0,12,1,Libros,7,6,274.94,0,4.8,1,1,1,1,3,4
682,27,M,Centro,874,Plata,25,18.85,24,2,12,1,Libros,1,12,56.92,0,1.4,0,1,0,1,2,4
683,49,Otro,Norte,84,Bronce,7,54.32,15,17,7,0,Libros,1,7,136.81,1,2.1,1,0,2,0,0,4
684,33,M,Sur,1423,Bronce,5,3.37,0,40,11,1,Libros,4,4,11.07,0,4.9,0,0,0,0,1,4
685,25,M,Norte,754,Bronce,79,0.14,20,13,5,0,Electronica,5,11,73.49,0,2.1,0,1,0,0,0,0
686,55,M,Oeste,628,Plata,23,1.17,2,30,7,0,Electronica,3,12,118.79,0,3.8,0,0,0,1,4,0
687,29,M,Este,1133,Bronce,47,7.07,21,26,2,1,Deportes,0,19,29.56,0,2.0,1,0,0,0,3,3
688,41,F,Este,221,Bronce,102,25.77,25,16,9,1,Libros,3,13,15.05,0,2.4,0,1,1,0,3,4
689,45,M,Norte,553,Oro,93,0.11,17,45,9,1,Ropa,7,17,23.56,0,1.8,1,1,0,2,0,1
690,25,F,Centro,1392,Oro,44,9.15,8,28,13,1,Deportes,7,19,56.65,0,4.4,0,1,1,2,2,3
691,45,M,Sur,1171,Oro,12,5.99,5,35,0,0,Libros,5,3,66.48,0,4.5,1,0,0,2,1,4
692,53,M,Este,112,Bronce,68,0.81,22,36,5,0,Electronica,5,17,48.36,0,2.2,1,1,0,0,3,0
693,43,F,Oeste,615,Plata,24,8.97,20,25,0,1,Ropa,7,6,56.38,0,4.3,0,1,1,1,4,1
694,25,F,Oeste,1582,Bronce,19,4.41,24,16,8,0,Deportes,2,14,60.83,0,2.4,1,1,1,0,4,3
695,45,M,Centro,924,Bronce,117,6.51,0,21,13,0,Ropa,7,5,127.38,0,1.4,1,1,0,0,2,1
696,45,M,Este,1518,Bronce,81,18.34,20,24,1,1,Libros,3,15,18.9,0,4.0,0,0,0,0,3,4
697,54,M,Norte,1529,Bronce,110,11.06,26,1,10,1,Hogar,4,19,127.21,0,3.4,0,1,0,0,0,2
698,58,F,Oeste,475,Bronce,81,2.0,9,21,1,0,Ropa,3,7,103.34,0,2.1,0,0,1,0,4,1
699,53,F,Centro,836,Plata,65,48.82,26,4,6,1,Ropa,1,15,118.28,0,2.0,1,0,1,1,2,1
700,44,M,Este,271,Bronce,73,15.16,5,3,1,1,Electronica,0,15,116.08,0,4.9,1,0,0,0,3,0
701,34,F,Este,421,Plata,118,21.78,22,35,9,1,Libros,6,2,60.88,0,4.5,0,1,1,1,3,4
702,26,F,Este,707,Plata,44,1.24,11,5,7,0,Ropa,4,16,29.0,0,4.2,0,0,1,1,3,1
703,50,F,Este,1391,Bronce,113,0.72,3,20,5,0,Libros,2,8,71.54,1,1.5,0,0,1,0,3,4
704,37,F,Este,1304,Bronce,46,0.29,27,12,13,0,Electronica,0,2,263.57,0,4.0,0,1,1,0,3,0
705,30,M,Oeste,1307,Bronce,62,3.14,12,36,6,0,Libros,0,19,81.04,0,1.9,1,0,0,0,4,4
706,45,M,Centro,40,Plata,75,8.03,16,24,6,0,Electronica,6,6,10.89,1,4.9,1,0,0,1,2,0
707,46,M,Este,189,Bronce,110,41.19,26,25,5,0,Electronica,1,17,14.93,0,1.2,0,1,0,0,3,0
708,30,M,Sur,1188,Bronce,76,9.16,7,38,9,0,Deportes,1,11,405.4,0,2.4,0,1,0,0,1,3
709,63,F,Sur,994,Bronce,113,5.14,25,19,10,1,Libros,1,18,15.97,0,2.7,0,1,1,0,1,4
710,52,F,Centro,1560,Plata,110,12.38,19,32,8,0,Hogar,4,15,13.77,0,4.3,1,1,1,1,2,2
711,23,M,Norte,536,Oro,54,1.78,2,13,12,1,Deportes,3,16,44.84,0,4.1,0,1,0,2,0,3
712,35,M,Norte,1028,Bronce,74,14.11,11,35,8,1,Electronica,0,19,288.72,0,2.5,0,0,0,0,0,0
713,22,M,Norte,290,Plata,18,12.6,6,16,14,0,Hogar,3,14,40.7,0,3.3,1,1,0,1,0,2
714,64,F,Sur,433,Plata,34,23.55,11,20,6,1,Ropa,3,0,52.19,0,4.3,0,0,1,1,1,1
715,42,M,Norte,471,Oro,102,64.79,1,45,8,0,Ropa,1,1,90.43,0,1.1,0,1,0,2,0,1
716,19,F,Oeste,1205,Plata,52,4.33,23,15,12,0,Deportes,3,7,11.95,0,4.2,1,1,1,1,4,3
717,27,M,Este,1272,Plata,25,10.69,13,45,9,1,Hogar,0,1,192.44,1,4.8,0,0,0,1,3,2
718,47,M,Sur,628,Plata,109,35.93,21,15,2,0,Libros,0,18,68.62,1,1.1,0,0,0,1,1,4
719,62,Otro,Centro,279,Oro,13,23.07,22,19,2,1,Hogar,5,8,60.31,0,1.2,0,0,2,2,2,2
720,22,Otro,Centro,877,Bronce,117,10.02,29,28,0,0,Deportes,2,8,167.71,1,2.4,0,0,2,0,2,3
721,50,M,Este,581,Bronce,44,43.61,4,27,4,1,Libros,4,12,254.74,0,1.4,0,0,0,0,3,4
722,18,F,Sur,863,Bronce,43,0.88,8,7,14,0,Libros,3,5,54.05,1,2.9,1,0,1,0,1,4
723,35,F,Norte,254,Plata,87,40.1,20,23,3,1,Ropa,4,14,25.14,0,3.9,0,0,1,1,0,1
724,49,F,Norte,181,Plata,104,0.78,10,2,1,0,Hogar,4,18,145.3,0,3.3,1,1,1,1,0,2
725,64,M,Oeste,681,Bronce,64,11.89,4,24,8,1,Libros,4,14,51.3,0,1.8,0,0,0,0,4,4
726,28,F,Oeste,825,Plata,50,33.17,2,18,2,1,Deportes,6,17,229.34,0,3.6,0,0,1,1,4,3
727,38,F,Norte,1533,Bronce,42,4.57,26,32,14,0,Ropa,7,6,249.5,0,3.7,0,1,1,0,0,1
728,43,F,Centro,1785,Bronce,118,9.59,16,1,7,1,Libros,5,10,19.76,1,4.7,0,0,1,0,2,4
729,42,M,Centro,700,Oro,85,5.88,1,14,5,0,Hogar,4,7,260.9,0,1.6,0,0,0,2,2,2
730,39,M,Oeste,566,Bronce,22,45.59,23,21,13,1,Ropa,7,5,46.74,0,3.8,0,1,0,0,4,1
731,44,M,Este,1350,Bronce,55,26.03,0,9,12,0,Hogar,7,7,93.13,0,4.6,0,0,0,0,3,2
732,30,F,Norte,1381,Plata,117,18.52,6,17,4,1,Hogar,5,1,12.83,0,3.0,0,0,1,1,0,2
733,50,M,Oeste,1674,Plata,18,13.29,29,21,0,1,Hogar,0,18,185.77,0,2.4,1,0,0,1,4,2
734,51,F,Oeste,680,Bronce,81,25.77,13,45,3,0,Ropa,6,15,92.09,0,1.7,0,1,1,0,4,1
735,58,Otro,Norte,391,Plata,75,7.47,4,48,2,0,Libros,3,6,92.53,0,4.5,0,0,2,1,0,4
736,52,M,Norte,1639,Plata,54,8.9,18,26,0,0,Electronica,5,9,195.97,0,2.6,0,0,0,1,0,0
737,18,F,Centro,1109,Bronce,91,19.64,27,12,11,1,Libros,2,11,66.8,0,4.7,0,0,1,0,2,4
738,38,M,Este,1341,Bronce,91,6.64,27,32,14,0,Ropa,7,16,52.28,0,4.4,1,1,0,0,3,1
739,23,F,Este,212,Plata,59,0.99,10,4,4,0,Electronica,4,6,170.87,0,2.5,0,0,1,1,3,0
740,45,M,Norte,1539,Bronce,58,1.16,22,25,5,1,Electronica,7,7,118.51,0,3.3,0,0,0,0,0,0
741,34,F,Sur,384,Oro,32,1.84,24,12,1,0,Electronica,6,6,248.04,0,1.1,0,0,1,2,1,0
742,22,F,Oeste,1715,Plata,18,30.57,1,26,14,1,Deportes,2,3,235.24,1,2.1,1,0,1,1,4,3
743,48,F,Oeste,342,Oro,27,9.59,7,13,13,0,Ropa,0,2,48.54,0,3.8,0,1,1,2,4,1
744,22,F,Norte,844,Bronce,51,18.72,8,23,2,0,Deportes,0,18,57.39,0,3.7,0,0,1,0,0,3
745,55,F,Sur,1062,Oro,48,7.49,26,2,10,1,Electronica,1,14,33.66,0,2.4,0,1,1,2,1,0
746,20,F,Centro,1535,Bronce,36,4.49,2,46,13,0,Deportes,4,3,96.46,0,4.2,0,0,1,0,2,3
747,40,F,Norte,420,Bronce,25,6.4,1,48,14,0,Deportes,1,8,46.27,0,1.9,0,0,1,0,0,3
748,54,F,Norte,751,Bronce,98,23.71,6,29,5,1,Ropa,6,12,133.38,0,2.8,1,0,1,0,0,1
749,54,M,Oeste,1193,Bronce,97,14.72,4,34,3,0,Hogar,2,17,20.37,0,2.9,1,0,0,0,4,2
750,27,F,Norte,1367,Plata,98,41.62,20,47,8,1,Deportes,7,15,19.9,0,2.4,1,1,1,1,0,3
751,27,F,Norte,306,Bronce,39,17.08,25,13,4,1,Deportes,3,0,28.3,0,4.8,0,0,1,0,0,3
752,36,F,Norte,1566,Bronce,79,12.67,4,11,3,0,Electronica,1,3,17.04,0,3.8,0,0,1,0,0,0
753,34,M,Oeste,702,Plata,37,14.13,19,27,1,0,Electronica,0,17,87.41,0,3.2,0,0,0,1,4,0
754,38,F,Centro,869,Bronce,76,42.81,12,43,5,1,Electronica,4,7,22.75,0,3.0,1,0,1,0,2,0
755,31,M,Centro,537,Plata,86,23.28,20,28,9,0,Libros,7,19,23.94,1,1.6,0,1,0,1,2,4
756,26,F,Norte,1136,Bronce,53,0.37,28,42,1,0,Deportes,2,15,11.15,0,2.5,1,1,1,0,0,3
757,63,M,Oeste,1435,Plata,21,11.46,19,16,11,1,Electronica,5,10,131.89,0,3.7,0,1,0,1,4,0
758,18,F,Centro,206,Plata,15,17.49,28,39,12,0,Ropa,6,19,143.83,0,4.7,1,1,1,1,2,1
759,62,Otro,Centro,1209,Bronce,27,20.72,5,48,6,1,Libros,6,18,24.14,0,4.3,0,1,2,0,2,4
760,30,M,Centro,1406,Bronce,111,3.6,19,20,2,0,Hogar,0,18,117.62,1,2.2,0,0,0,0,2,2
761,21,Otro,Oeste,496,Bronce,34,30.28,17,22,8,0,Deportes,5,17,55.47,0,2.7,0,1,2,0,4,3
762,18,M,Oeste,1403,Plata,59,46.8,24,19,10,0,Deportes,6,18,31.91,0,1.3,1,1,0,1,4,3
763,57,F,Norte,1071,Bronce,44,4.05,1,10,4,1,Ropa,3,10,87.7,0,1.4,0,0,1,0,0,1
764,49,F,Este,1764,Bronce,45,32.13,24,33,7,1,Hogar,7,2,25.73,0,2.9,1,0,1,0,3,2
765,51,F,Centro,1575,Bronce,71,1.53,25,9,10,1,Hogar,4,7,123.14,0,3.1,1,1,1,0,2,2
766,45,F,Este,1552,Bronce,107,0.86,5,9,5,0,Libros,7,19,13.9,0,2.1,1,1,1,0,3,4
767,48,F,Oeste,504,Bronce,54,2.08,8,42,13,0,Deportes,3,18,265.79,0,3.6,1,1,1,0,4,3
768,25,M,Oeste,1046,Plata,118,0.89,24,5,11,0,Electronica,6,9,15.97,0,3.8,1,1,0,1,4,0
769,56,M,Oeste,213,Bronce,85,27.97,2,35,9,0,Ropa,3,15,79.3,0,2.2,1,1,0,0,4,1
770,43,F,Este,310,Bronce,84,0.91,0,23,7,0,Ropa,7,4,195.98,1,4.0,0,0,1,0,3,1
771,51,F,Oeste,661,Plata,25,4.75,0,11,12,1,Ropa,6,19,10.96,0,1.8,1,0,1,1,4,1
772,20,F,Norte,753,Plata,103,1.64,18,42,12,0,Ropa,4,8,65.21,0,3.2,1,1,1,1,0,1
773,29,F,Oeste,272,Bronce,84,5.25,4,22,10,1,Electronica,4,7,44.46,0,4.2,0,0,1,0,4,0
774,18,M,Sur,1595,Bronce,24,1.42,12,26,11,0,Electronica,5,10,79.46,0,3.1,1,1,0,0,1,0
775,61,F,Este,1823,Bronce,104,16.54,18,44,2,1,Libros,3,15,30.44,0,4.6,0,0,1,0,3,4
776,22,M,Sur,938,Oro,64,2.15,11,36,2,0,Deportes,2,6,15.37,0,1.2,0,0,0,2,1,3
777,47,F,Oeste,1226,Bronce,5,28.64,15,5,4,0,Electronica,5,14,88.67,0,3.4,0,1,1,0,4,0
778,47,M,Norte,32,Oro,22,25.49,24,0,10,0,Libros,4,19,53.14,0,3.2,0,1,0,2,0,4
779,34,M,Centro,443,Plata,114,0.21,24,5,9,0,Hogar,0,16,87.93,0,3.6,1,1,0,1,2,2
780,64,M,Oeste,162,Plata,63,33.91,18,49,2,0,Deportes,6,5,28.91,0,4.3,1,0,0,1,4,3
781,40,M,Norte,767,Bronce,86,0.44,2,21,7,0,Electronica,5,14,43.09,0,3.9,1,0,0,0,0,0
782,32,F,Este,254,Bronce,42,4.11,11,40,9,0,Hogar,1,7,75.98,0,4.2,1,1,1,0,3,2
783,54,M,Sur,521,Bronce,106,0.49,29,23,12,1,Libros,2,6,81.94,0,2.2,0,1,0,0,1,4
784,38,M,Sur,977,Bronce,22,6.14,4,24,11,1,Electronica,6,1,47.26,0,2.5,0,0,0,0,1,0
785,31,M,Sur,1675,Plata,95,10.82,1,14,13,1,Electronica,5,12,36.29,0,3.5,0,1,0,1,1,0
786,19,M,Este,1504,Oro,29,23.89,21,25,7,0,Hogar,4,5,35.58,0,3.2,1,0,0,2,3,2
787,28,M,Norte,10,Plata,76,6.19,6,7,1,1,Electronica,7,4,25.36,0,4.8,0,0,0,1,0,0
788,56,M,Este,726,Plata,106,18.34,12,23,11,0,Ropa,4,19,41.49,0,1.7,1,1,0,1,3,1
789,55,F,Sur,505,Bronce,17,3.11,24,47,3,0,Electronica,2,0,27.8,0,2.4,1,1,1,0,1,0
790,51,F,Oeste,785,Bronce,86,20.83,14,37,9,0,Deportes,1,17,90.37,0,3.3,1,1,1,0,4,3
791,55,F,Centro,1584,Bronce,78,4.04,21,5,12,0,Hogar,5,14,77.34,0,4.5,0,1,1,0,2,2
792,51,M,Este,436,Plata,96,2.32,2,34,0,0,Deportes,7,9,48.58,0,4.7,0,0,0,1,3,3
793,35,M,Este,1135,Oro,20,3.08,27,41,3,0,Libros,5,2,41.54,0,2.3,1,0,0,2,3,4
794,47,F,Norte,153,Plata,56,3.01,20,0,11,0,Deportes,3,4,31.7,1,1.3,1,1,1,1,0,3
795,32,F,Norte,1659,Bronce,102,10.79,19,45,12,1,Ropa,0,12,71.34,0,2.7,0,1,1,0,0,1
796,44,M,Este,917,Bronce,22,27.95,4,35,12,1,Ropa,4,7,210.97,0,2.6,1,0,0,0,3,1
797,51,M,Sur,869,Plata,90,1.24,23,11,10,1,Deportes,5,1,102.59,0,4.9,1,1,0,1,1,3
798,55,M,Centro,1126,Bronce,44,18.41,7,37,12,1,Libros,5,8,119.14,1,2.7,0,0,0,0,2,4
799,50,M,Norte,753,Plata,43,15.93,21,10,3,0,Electronica,6,16,153.84,0,2.2,0,1,0,1,0,0
800,41,M,Sur,1215,Plata,81,30.9,0,11,9,1,Ropa,6,17,44.66,0,2.5,0,0,0,1,1,1
801,32,F,Oeste,1753,Plata,87,4.2,7,41,8,1,Deportes,5,12,15.2,0,2.6,0,0,1,1,4,3
802,47,F,Norte,563,Bronce,114,8.97,23,49,14,0,Deportes,1,0,87.95,1,4.3,1,1,1,0,0,3
803,59,F,Sur,1105,Bronce,46,39.02,17,38,2,0,Deportes,0,11,26.73,1,1.3,0,0,1,0,1,3
804,34,F,Sur,489,Bronce,39,16.18,19,6,14,1,Electronica,5,19,77.34,1,2.3,1,1,1,0,1,0
805,22,F,Centro,895,Bronce,50,7.38,27,10,1,0,Hogar,2,19,117.62,0,4.9,1,1,1,0,2,2
806,46,F,Centro,1112,Bronce,41,2.11,15,35,8,1,Libros,4,4,132.46,0,1.6,0,1,1,0,2,4
807,21,F,Oeste,1218,Plata,6,4.57,17,30,8,0,Hogar,3,7,38.74,1,4.0,0,0,1,1,4,2
808,27,M,Sur,104,Plata,49,13.06,19,32,0,0,Libros,6,14,67.47,1,2.4,0,0,0,1,1,4
809,34,M,Sur,1807,Bronce,47,19.0,11,12,5,0,Libros,2,2,87.61,0,3.3,0,0,0,0,1,4
810,27,M,Centro,1120,Bronce,83,1.99,12,17,9,0,Deportes,4,5,146.95,0,1.4,1,1,0,0,2,3
811,34,F,Norte,1447,Bronce,90,13.73,12,40,7,1,Ropa,7,12,124.63,0,2.2,1,0,1,0,0,1
812,37,F,Norte,1222,Bronce,5,11.99,9,23,2,1,Deportes,6,11,363.66,1,3.0,0,0,1,0,0,3
813,41,M,Este,1025,Plata,90,10.82,6,8,10,0,Electronica,1,18,10.65,1,1.9,0,0,0,1,3,0
814,22,F,Centro,1007,Bronce,8,17.57,24,30,8,0,Libros,6,17,56.03,1,3.2,0,1,1,0,2,4
815,51,M,Este,407,Bronce,116,27.25,13,40,1,1,Ropa,0,0,33.66,1,1.9,0,0,0,0,3,1
816,23,F,Centro,1402,Bronce,108,5.85,29,9,5,1,Libros,0,6,20.22,1,3.6,0,0,1,0,2,4
817,19,M,Oeste,167,Oro,56,32.98,23,1,0,0,Libros,4,11,203.99,0,4.6,1,1,0,2,4,4
818,30,M,Sur,509,Plata,30,2.63,15,37,12,0,Deportes,2,9,505.67,0,1.3,0,1,0,1,1,3
819,60,F,Oeste,1662,Bronce,20,2.85,14,14,6,1,Ropa,3,11,25.93,0,1.9,1,0,1,0,4,1
820,60,M,Centro,313,Plata,89,4.65,11,2,2,1,Ropa,1,10,13.14,0,4.4,0,0,0,1,2,1
821,28,M,Sur,1617,Plata,39,1.91,8,42,6,0,Libros,4,3,35.73,0,3.5,1,1,0,1,1,4
822,64,M,Norte,1442,Oro,111,3.93,7,30,3,0,Ropa,7,18,154.08,1,1.3,1,1,0,2,0,1
823,40,F,Norte,763,Bronce,44,1.69,17,5,8,1,Ropa,1,5,37.84,0,2.9,0,0,1,0,0,1
824,33,F,Este,681,Oro,76,25.87,22,2,4,1,Deportes,0,8,14.69,0,1.8,0,1,1,2,3,3
825,48,M,Centro,477,Oro,48,2.24,17,10,2,0,Hogar,5,19,14.31,0,1.8,1,0,0,2,2,2
826,28,F,Centro,73,Oro,86,20.63,12,14,14,0,Electronica,5,9,54.61,0,4.8,1,1,1,2,2,0
827,33,F,Norte,1165,Plata,19,0.74,27,44,7,1,Hogar,3,4,224.86,0,4.0,1,1,1,1,0,2
828,25,M,Oeste,582,Plata,100,44.5,26,27,5,0,Ropa,1,12,36.94,0,3.8,1,1,0,1,4,1
829,21,M,Sur,262,Bronce,117,18.63,17,9,1,0,Libros,4,8,54.57,0,2.0,0,0,0,0,1,4
830,57,M,Oeste,1364,Plata,116,0.1,14,37,2,0,Electronica,3,1,18.6,0,1.5,1,1,0,1,4,0
831,21,M,Oeste,1332,Plata,91,21.65,3,46,7,0,Electronica,6,17,64.43,0,4.5,1,0,0,1,4,0
832,42,F,Norte,245,Plata,16,10.83,16,49,14,1,Libros,6,0,105.4,0,1.0,1,0,1,1,0,4
833,20,M,Norte,1539,Bronce,27,22.67,4,49,9,0,Electronica,7,11,35.3,0,2.6,1,1,0,0,0,0
834,49,F,Norte,1361,Plata,40,11.09,21,6,6,1,Libros,2,9,38.16,0,2.1,1,1,1,1,0,4
835,20,F,Este,1599,Plata,65,15.37,15,14,9,0,Electronica,5,1,157.6,0,3.3,1,1,1,1,3,0
836,44,M,Oeste,561,Bronce,24,23.15,8,17,5,0,Hogar,4,8,10.83,0,2.0,1,1,0,0,4,2
837,46,F,Centro,1100,Plata,57,7.79,9,17,13,0,Electronica,1,1,90.95,1,2.2,1,1,1,1,2,0
838,49,M,Sur,175,Plata,113,0.04,23,40,0,1,Deportes,3,13,50.05,0,4.4,0,1,0,1,1,3
839,36,Otro,Este,109,Plata,40,28.45,17,23,8,1,Libros,4,10,38.35,0,3.4,1,1,2,1,3,4
840,38,F,Centro,183,Bronce,5,7.19,16,1,2,0,Electronica,3,10,95.74,0,1.6,1,1,1,0,2,0
841,22,F,Oeste,192,Bronce,74,10.28,17,39,13,1,Libros,3,16,153.98,0,3.9,0,1,1,0,4,4
842,35,F,Norte,65,Oro,37,0.12,6,19,4,1,Deportes,3,3,75.39,0,1.8,0,0,1,2,0,3
843,45,M,Oeste,963,Bronce,5,10.16,3,33,6,1,Electronica,1,12,12.53,0,2.7,1,0,0,0,4,0
844,59,F,Sur,1498,Plata,44,64.56,25,42,14,0,Electronica,4,6,59.5,0,3.6,1,1,1,1,1,0
845,39,F,Este,1807,Bronce,74,4.89,4,25,6,1,Deportes,0,15,59.7,0,2.1,0,0,1,0,3,3
846,38,F,Este,1124,Plata,13,7.55,27,6,2,0,Deportes,0,0,72.79,0,2.5,1,1,1,1,3,3
847,23,F,Sur,1568,Bronce,65,17.43,22,37,14,0,Deportes,1,12,98.93,0,3.9,1,1,1,0,1,3
848,18,F,Centro,864,Plata,39,25.29,15,29,3,1,Libros,6,0,11.56,0,4.8,0,0,1,1,2,4
849,22,M,Centro,1152,Bronce,2,8.1,2,41,9,0,Deportes,1,10,65.77,1,3.1,0,0,0,0,2,3
850,58,M,Este,1476,Bronce,118,5.56,25,4,6,0,Libros,5,5,81.0,0,1.0,1,1,0,0,3,4
851,29,F,Este,369,Bronce,116,41.67,17,10,7,0,Hogar,3,19,43.65,0,2.4,1,1,1,0,3,2
852,43,M,Norte,851,Bronce,98,16.96,28,0,1,1,Electronica,4,2,98.3,0,2.6,0,1,0,0,0,0
853,63,F,Centro,43,Oro,96,1.9,22,33,8,1,Electronica,4,11,30.72,1,2.4,0,1,1,2,2,0
854,51,F,Sur,1443,Oro,23,1.07,20,0,6,0,Ropa,2,4,40.54,0,2.7,0,1,1,2,1,1
855,31,M,Centro,488,Bronce,18,9.91,13,18,12,1,Hogar,2,8,273.22,0,3.5,1,1,0,0,2,2
856,43,M,Norte,78,Plata,17,3.73,14,1,7,0,Deportes,7,11,44.23,0,1.5,0,0,0,1,0,3
857,62,F,Este,826,Bronce,63,4.4,16,20,5,0,Deportes,0,9,44.03,0,2.1,0,0,1,0,3,3
858,44,M,Este,1294,Plata,112,31.52,0,19,5,1,Hogar,2,18,82.44,0,3.0,0,0,0,1,3,2
859,26,F,Norte,674,Plata,115,1.41,24,22,8,0,Deportes,2,4,293.17,0,2.3,1,1,1,1,0,3
860,43,M,Sur,701,Oro,87,18.85,20,20,3,0,Ropa,0,4,336.34,0,5.0,0,1,0,2,1,1
861,64,F,Este,759,Bronce,108,4.74,16,23,10,0,Libros,5,8,79.33,0,2.7,0,1,1,0,3,4
862,39,M,Oeste,728,Plata,34,21.43,22,3,10,1,Electronica,6,19,10.09,0,4.5,1,1,0,1,4,0
863,64,F,Este,1339,Bronce,61,19.22,24,11,4,0,Hogar,0,16,194.73,0,4.6,0,0,1,0,3,2
864,47,M,Oeste,925,Oro,0,0.11,10,21,8,1,Electronica,6,9,77.56,0,4.3,0,0,0,2,4,0
865,60,F,Norte,902,Bronce,99,10.67,16,19,0,1,Libros,7,0,46.46,0,1.2,1,0,1,0,0,4
866,34,M,Norte,889,Plata,24,2.25,25,17,3,0,Hogar,2,15,151.38,1,4.8,0,1,0,1,0,2
867,43,F,Este,993,Plata,44,30.17,13,0,6,1,Libros,4,14,50.84,0,1.5,1,0,1,1,3,4
868,53,F,Centro,1192,Plata,48,30.79,28,29,10,0,Deportes,2,16,12.77,1,1.1,0,1,1,1,2,3
869,18,M,Oeste,339,Bronce,106,8.13,19,32,14,0,Deportes,3,19,147.66,0,2.7,0,1,0,0,4,3
870,25,M,Sur,193,Oro,97,8.82,29,23,8,1,Deportes,7,12,73.15,0,1.8,1,1,0,2,1,3
871,52,M,Este,1477,Bronce,88,5.42,18,13,14,1,Libros,6,0,43.02,0,1.7,0,1,0,0,3,4
872,32,F,Sur,283,Plata,15,18.91,20,35,13,0,Libros,6,7,33.11,0,2.2,1,1,1,1,1,4
873,64,F,Este,1360,Bronce,97,6.66,6,4,12,0,Libros,3,4,82.07,0,2.0,0,0,1,0,3,4
874,39,F,Centro,390,Bronce,92,4.68,23,10,10,0,Electronica,3,5,28.66,0,3.7,0,1,1,0,2,0
875,31,M,Centro,1000,Plata,18,8.49,12,23,11,0,Libros,5,19,41.31,0,1.7,1,1,0,1,2,4
876,43,M,Centro,525,Bronce,22,1.44,17,30,12,0,Deportes,1,13,90.96,0,3.2,0,1,0,0,2,3
877,45,F,Centro,1264,Bronce,82,20.59,22,12,9,0,Ropa,3,10,180.66,0,4.9,0,1,1,0,2,1
878,40,F,Norte,1507,Bronce,24,0.19,29,15,5,1,Libros,6,5,70.9,0,2.7,0,1,1,0,0,4
879,31,Otro,Norte,659,Bronce,15,15.51,13,23,11,0,Ropa,4,10,123.87,0,3.6,0,1,2,0,0,1
880,41,M,Oeste,716,Plata,53,3.03,0,12,7,0,Deportes,6,12,125.2,0,4.9,1,0,0,1,4,3
881,19,F,Sur,1616,Oro,114,3.97,6,23,12,1,Libros,6,11,97.34,1,1.6,1,1,1,2,1,4
882,62,M,Este,891,Bronce,72,15.14,7,25,8,1,Electronica,5,1,32.57,0,2.7,1,0,0,0,3,0
883,43,M,Este,1579,Bronce,0,74.31,17,1,9,0,Electronica,1,2,171.27,0,4.4,1,1,0,0,3,0
884,31,F,Norte,1482,Bronce,41,22.56,8,15,3,0,Ropa,1,3,55.86,1,4.7,0,0,1,0,0,1
885,24,F,Este,1113,Bronce,18,3.84,0,37,0,1,Electronica,3,16,13.62,0,3.4,0,0,1,0,3,0
886,20,Otro,Norte,1684,Plata,96,2.9,28,45,13,0,Electronica,7,5,32.44,0,1.6,1,1,2,1,0,0
887,64,M,Oeste,1119,Plata,33,30.17,21,0,7,0,Electronica,2,6,126.04,1,4.6,0,1,0,1,4,0
888,40,M,Sur,452,Bronce,79,8.81,16,48,1,1,Deportes,6,14,15.73,0,1.7,0,0,0,0,1,3
889,63,F,Oeste,428,Bronce,107,2.21,18,10,10,0,Electronica,0,10,22.75,0,2.4,1,1,1,0,4,0
890,60,F,Centro,1175,Bronce,103,29.73,26,34,0,0,Hogar,2,2,104.79,0,2.5,0,1,1,0,2,2
891,64,M,Centro,1538,Plata,54,25.4,5,42,12,0,Libros,2,5,188.5,0,2.8,0,0,0,1,2,4
892,62,M,Centro,1400,Oro,17,61.94,2,28,6,0,Electronica,1,1,90.35,1,4.2,1,0,0,2,2,0
893,35,M,Oeste,1046,Bronce,33,36.08,23,36,11,0,Electronica,1,13,30.11,0,4.2,1,1,0,0,4,0
894,55,F,Este,883,Bronce,88,28.64,4,16,9,1,Electronica,5,8,14.39,0,3.9,0,0,1,0,3,0
895,52,M,Sur,313,Oro,44,0.81,1,38,8,0,Hogar,5,17,86.39,0,1.1,0,1,0,2,1,2
896,32,M,Centro,840,Oro,5,1.65,19,41,10,0,Electronica,1,18,13.88,0,3.3,1,1,0,2,2,0
897,42,M,Centro,519,Bronce,20,12.62,24,27,14,0,Electronica,4,11,85.89,0,4.0,1,1,0,0,2,0
898,54,M,Centro,1230,Bronce,69,11.37,3,28,11,1,Libros,4,12,30.45,1,2.8,1,0,0,0,2,4
899,45,M,Sur,375,Bronce,95,9.19,9,42,11,0,Hogar,0,11,198.02,0,4.8,0,1,0,0,1,2
900,27,F,Centro,451,Plata,104,7.58,9,2,8,0,Hogar,1,11,61.56,0,4.3,0,1,1,1,2,2
901,56,M,Sur,1650,Bronce,47,8.46,23,9,2,1,Electronica,3,17,30.28,1,3.6,0,0,0,0,1,0
902,34,F,Centro,1808,Bronce,106,12.64,20,41,5,0,Hogar,5,8,163.46,0,1.2,0,1,1,0,2,2
903,56,M,Oeste,1015,Plata,38,0.03,10,13,6,0,Ropa,1,16,33.45,1,3.6,0,0,0,1,4,1
904,39,F,Oeste,595,Bronce,30,4.53,26,11,13,0,Hogar,4,15,39.29,0,4.6,0,1,1,0,4,2
905,43,F,Sur,1203,Plata,105,10.96,15,46,9,0,Hogar,1,16,153.8,0,2.5,0,0,1,1,1,2
906,61,F,Oeste,1234,Bronce,9,19.21,25,41,8,0,Hogar,4,7,39.55,0,4.4,1,1,1,0,4,2
907,42,F,Sur,500,Bronce,29,2.87,28,29,14,1,Deportes,1,10,52.23,1,2.3,1,1,1,0,1,3
908,34,M,Oeste,464,Plata,115,11.87,28,31,1,0,Deportes,6,1,44.18,0,3.3,0,1,0,1,4,3
909,30,M,Oeste,1148,Bronce,17,18.8,29,31,7,0,Deportes,3,7,19.9,0,3.6,0,1,0,0,4,3
910,37,F,Sur,113,Oro,59,8.82,16,41,13,0,Hogar,7,11,13.17,0,3.7,0,1,1,2,1,2
911,42,Otro,Este,1036,Plata,87,0.41,15,31,6,0,Ropa,0,0,113.15,0,4.5,0,1,2,1,3,1
912,21,F,Oeste,1150,Bronce,115,8.95,6,25,3,0,Hogar,6,12,92.88,0,1.9,0,1,1,0,4,2
913,27,F,Centro,1589,Plata,72,5.27,15,0,1,1,Electronica,3,16,36.54,1,2.0,0,1,1,1,2,0
914,20,F,Este,331,Bronce,94,39.81,2,41,7,0,Ropa,4,13,38.03,1,3.8,1,0,1,0,3,1
915,58,M,Sur,1307,Oro,14,2.0,25,1,10,1,Deportes,5,13,242.04,0,1.7,1,1,0,2,1,3
916,62,M,Este,140,Bronce,3,15.85,15,16,4,0,Libros,5,15,361.66,0,2.9,1,1,0,0,3,4
917,35,F,Norte,1425,Plata,62,0.81,7,29,5,0,Ropa,2,16,61.31,0,1.1,1,1,1,1,0,1
918,64,F,Norte,902,Bronce,39,8.86,29,38,13,0,Deportes,3,5,139.74,0,1.6,1,1,1,0,0,3
919,53,M,Oeste,1121,Bronce,8,12.11,11,6,10,0,Ropa,1,6,116.75,0,3.7,1,0,0,0,4,1
920,64,F,Oeste,517,Plata,108,5.31,2,26,6,0,Ropa,0,0,38.23,1,4.0,1,0,1,1,4,1
921,39,M,Centro,569,Plata,8,9.11,16,8,14,0,Hogar,1,14,14.83,1,1.5,0,1,0,1,2,2
922,51,F,Este,846,Bronce,25,2.68,20,21,14,1,Electronica,1,19,22.3,0,1.9,1,1,1,0,3,0
923,64,M,Norte,1093,Bronce,3,5.44,17,33,9,0,Libros,3,17,155.76,0,1.4,0,1,0,0,0,4
924,25,M,Oeste,118,Plata,80,14.56,10,45,0,0,Deportes,7,12,115.11,0,2.7,1,1,0,1,4,3
925,57,F,Este,888,Oro,15,5.39,3,48,7,0,Ropa,0,1,97.33,0,1.5,1,0,1,2,3,1
926,61,M,Oeste,1083,Bronce,14,34.5,15,0,3,0,Libros,2,18,21.2,0,2.7,1,1,0,0,4,4
927,36,F,Oeste,1057,Bronce,98,14.85,16,8,12,0,Ropa,6,14,91.72,1,3.9,0,1,1,0,4,1
928,59,F,Norte,1342,Bronce,51,8.66,8,19,8,0,Electronica,1,11,128.33,1,3.7,0,0,1,0,0,0
929,58,F,Norte,50,Oro,68,0.59,5,18,0,0,Libros,0,14,167.63,1,2.1,1,0,1,2,0,4
930,54,M,Oeste,1513,Bronce,118,10.38,23,35,10,1,Deportes,2,17,11.07,1,3.7,1,1,0,0,4,3
931,23,M,Sur,19,Bronce,4,21.71,26,39,1,1,Ropa,6,13,102.28,0,4.7,0,1,0,0,1,1
932,43,M,Oeste,726,Plata,19,4.63,19,44,13,0,Electronica,1,5,11.54,0,2.4,1,0,0,1,4,0
933,51,Otro,Oeste,197,Bronce,78,24.66,24,3,5,0,Libros,0,11,108.17,0,2.3,1,0,2,0,4,4
934,62,F,Centro,1474,Bronce,17,4.35,1,8,10,1,Ropa,6,19,90.76,0,3.3,0,1,1,0,2,1
935,23,F,Centro,559,Bronce,110,26.04,8,40,9,0,Ropa,3,5,22.85,0,2.0,1,1,1,0,2,1
936,54,F,Centro,1703,Bronce,1,1.34,27,21,10,0,Deportes,7,8,126.24,0,3.6,0,1,1,0,2,3
937,50,F,Sur,452,Bronce,92,30.17,20,17,13,0,Electronica,5,3,15.66,0,4.3,1,1,1,0,1,0
938,39,F,Sur,289,Plata,12,10.37,28,11,0,0,Hogar,5,16,150.08,0,2.8,0,0,1,1,1,2
939,38,M,Oeste,1165,Bronce,3,5.28,5,41,3,0,Ropa,1,1,34.3,0,3.7,1,0,0,0,4,1
940,23,F,Centro,1108,Plata,41,4.62,2,42,7,0,Libros,1,15,103.4,0,3.6,1,0,1,1,2,4
941,23,M,Sur,1718,Plata,108,8.48,19,38,14,0,Deportes,6,13,215.84,0,1.2,0,1,0,1,1,3
942,21,F,Norte,391,Plata,73,104.38,5,8,9,0,Deportes,0,7,43.22,0,1.7,1,0,1,1,0,3
943,47,F,Oeste,1615,Bronce,60,3.73,6,5,4,1,Ropa,5,13,65.92,0,4.6,1,0,1,0,4,1
944,28,F,Este,215,Bronce,94,1.63,0,18,12,0,Ropa,1,1,59.76,0,4.8,1,1,1,0,3,1
945,47,M,Oeste,1550,Bronce,104,13.19,22,47,8,0,Ropa,2,15,23.72,0,4.1,0,1,0,0,4,1
946,48,M,Este,215,Bronce,7,10.06,0,46,10,0,Hogar,1,3,81.39,0,4.7,0,0,0,0,3,2
947,41,M,Centro,1427,Bronce,66,11.14,4,6,10,1,Ropa,5,0,118.69,0,2.2,0,0,0,0,2,1
948,26,M,Este,128,Plata,111,16.49,5,15,5,1,Electronica,4,19,208.99,1,2.0,1,1,0,1,3,0
949,20,M,Centro,1501,Bronce,62,4.66,12,4,0,1,Libros,7,13,162.2,0,2.5,0,0,0,0,2,4
950,48,F,Norte,760,Bronce,109,36.23,1,15,5,0,Ropa,5,7,67.07,0,1.2,1,0,1,0,0,1
951,57,F,Este,404,Bronce,8,8.58,14,0,5,1,Hogar,2,2,111.56,1,4.2,1,0,1,0,3,2
952,54,M,Oeste,1053,Plata,93,2.07,14,36,12,1,Libros,0,4,139.07,1,4.9,1,1,0,1,4,4
953,53,M,Centro,1816,Bronce,116,20.34,12,38,5,0,Deportes,2,5,64.42,0,4.3,1,0,0,0,2,3
954,41,M,Oeste,338,Plata,10,15.45,25,18,7,0,Ropa,4,7,19.81,0,3.2,1,1,0,1,4,1
955,48,F,Sur,831,Bronce,98,5.69,24,36,14,0,Libros,4,5,56.09,0,2.2,1,1,1,0,1,4
956,23,F,Centro,714,Oro,100,14.57,13,16,5,1,Deportes,1,5,157.86,0,1.8,0,0,1,2,2,3
957,19,F,Este,361,Oro,41,3.72,25,25,4,0,Hogar,1,3,82.63,0,2.5,1,1,1,2,3,2
958,37,F,Centro,569,Bronce,12,8.83,21,21,14,0,Electronica,5,6,113.12,1,3.7,1,0,1,0,2,0
959,45,Otro,Oeste,1416,Bronce,35,34.45,6,7,10,1,Ropa,3,18,26.39,1,2.8,1,0,2,0,4,1
960,28,F,Norte,218,Bronce,119,2.15,13,32,1,1,Electronica,7,6,276.69,0,4.7,1,1,1,0,0,0
961,21,M,Centro,1598,Bronce,12,7.33,25,1,3,1,Hogar,2,2,51.41,0,4.4,0,0,0,0,2,2
962,32,F,Este,1693,Plata,11,25.82,23,29,13,1,Libros,5,7,94.82,1,1.4,0,1,1,1,3,4
963,23,M,Sur,202,Plata,36,52.35,26,46,14,0,Libros,3,0,11.52,0,1.5,1,1,0,1,1,4
964,47,F,Norte,17,Plata,73,9.08,28,19,9,1,Hogar,5,0,20.89,0,3.7,0,1,1,1,0,2
965,55,M,Sur,322,Plata,119,10.61,9,17,4,0,Hogar,7,13,131.87,0,1.9,1,1,0,1,1,2
966,19,F,Centro,518,Bronce,72,12.74,16,42,9,1,Ropa,7,5,285.29,0,4.2,0,0,1,0,2,1
967,32,F,Oeste,1594,Bronce,51,40.4,13,9,3,0,Deportes,4,9,40.86,0,3.4,0,0,1,0,4,3
968,28,F,Oeste,1349,Plata,70,29.3,7,23,1,1,Electronica,1,13,13.03,0,1.9,0,0,1,1,4,0
969,25,F,Este,1436,Bronce,1,2.81,3,3,6,1,Electronica,1,3,45.81,0,2.9,1,0,1,0,3,0
970,43,M,Oeste,1342,Plata,117,8.61,25,36,9,1,Libros,7,5,11.41,0,2.6,1,1,0,1,4,4
971,62,M,Norte,681,Bronce,55,9.35,15,3,9,0,Libros,5,15,27.09,0,4.5,0,1,0,0,0,4
972,61,M,Oeste,1106,Bronce,59,23.35,23,12,1,0,Ropa,7,0,121.7,0,1.1,1,1,0,0,4,1
973,22,M,Este,1498,Oro,22,13.85,12,24,0,1,Hogar,1,5,231.28,0,4.6,0,0,0,2,3,2
974,23,F,Centro,1492,Bronce,102,15.93,21,12,13,0,Electronica,0,8,17.32,0,3.6,0,0,1,0,2,0
975,43,M,Centro,425,Oro,39,94.8,26,17,4,1,Ropa,5,14,75.3,0,4.0,1,1,0,2,2,1
976,21,Otro,Oeste,1755,Oro,63,1.17,24,23,11,0,Libros,4,11,33.43,0,1.0,1,0,2,2,4,4
977,36,F,Sur,1713,Plata,102,3.78,26,1,12,1,Libros,6,2,21.98,0,3.5,0,1,1,1,1,4
978,37,F,Centro,1228,Plata,84,7.86,19,47,0,0,Electronica,5,10,29.77,1,3.4,1,0,1,1,2,0
979,50,M,Oeste,1607,Plata,22,6.41,17,32,0,1,Libros,5,14,78.98,0,3.1,1,1,0,1,4,4
980,37,F,Este,1019,Oro,28,0.33,13,18,14,1,Libros,1,2,15.39,1,4.1,0,1,1,2,3,4
981,29,F,Oeste,387,Bronce,77,1.44,17,8,0,0,Deportes,4,13,55.56,0,3.2,0,1,1,0,4,3
982,64,F,Centro,778,Bronce,89,17.14,4,27,5,0,Hogar,5,1,21.62,0,4.4,1,0,1,0,2,2
983,18,F,Este,98,Plata,50,31.72,25,34,8,0,Libros,1,3,35.47,1,1.9,0,1,1,1,3,4
984,43,F,Oeste,1369,Bronce,68,10.83,8,38,9,0,Deportes,7,18,26.93,1,4.2,0,0,1,0,4,3
985,31,M,Norte,208,Bronce,118,11.62,27,9,12,0,Ropa,2,11,181.63,1,1.7,1,1,0,0,0,1
986,55,F,Este,1538,Bronce,94,4.42,2,0,10,1,Libros,4,1,108.48,0,4.3,0,0,1,0,3,4
987,54,M,Norte,1660,Plata,88,21.91,7,41,11,0,Ropa,3,16,172.28,0,4.8,0,0,0,1,0,1
988,28,M,Sur,1816,Oro,30,20.9,19,20,0,0,Libros,0,2,48.69,0,2.3,0,0,0,2,1,4
989,53,M,Este,586,Bronce,49,13.31,21,8,4,0,Electronica,3,9,40.08,0,3.1,1,1,0,0,3,0
990,30,M,Norte,166,Oro,19,3.59,9,46,14,0,Deportes,6,15,48.32,0,3.6,1,1,0,2,0,3
991,60,M,Centro,22,Plata,107,1.53,21,14,8,0,Deportes,7,8,11.5,0,1.3,0,1,0,1,2,3
992,20,M,Centro,154,Plata,54,1.0,18,34,13,1,Electronica,4,10,113.19,0,3.0,0,1,0,1,2,0
993,50,Otro,Sur,1463,Plata,80,13.47,29,4,8,1,Hogar,5,14,44.43,0,2.4,1,1,2,1,1,2
994,23,F,Este,1319,Plata,108,26.15,20,40,0,0,Deportes,1,2,40.07,0,4.5,1,0,1,1,3,3
995,27,Otro,Este,219,Bronce,1,29.31,27,21,7,0,Ropa,6,15,82.93,0,4.5,1,1,2,0,3,1
996,22,M,Este,669,Plata,24,9.34,2,40,0,1,Deportes,4,11,55.85,1,3.8,0,0,0,1,3,3
997,40,M,Sur,1519,Bronce,12,23.01,10,22,14,0,Hogar,0,4,326.41,0,3.6,1,1,0,0,1,2
998,27,F,Este,230,Oro,102,44.03,10,6,7,0,Ropa,4,6,45.24,0,3.9,1,0,1,2,3,1
999,61,M,Centro,20,Oro,91,4.83,16,22,0,0,Ropa,6,8,86.13,1,2.5,1,1,0,2,2,1
1000,19,M,Norte,553,Bronce,105,7.61,15,43,11,0,Electronica,1,17,39.88,0,2.6,1,1,0,0,0,0
