cliente_id,paginas_vistas_7d,tiempo_sesion_min,visitas_7d,busquedas_7d,items_carrito,abandono_carrito,categoria_favorita
1,91,19.43,20,38,8,1,Ropa
2,52,6.86,16,35,10,0,Deportes
3,105,2.39,14,29,8,0,Ropa
4,70,3.47,5,22,5,0,Deportes
5,1,5.64,15,18,6,0,Deportes
6,105,15.16,16,11,1,1,Libros
7,23,7.62,2,14,14,0,Libros
8,3,0.1,9,30,8,0,Libros
9,107,11.12,4,42,11,0,Deportes
10,18,38.17,13,36,12,1,Deportes
11,25,25.08,25,36,0,0,Ropa
12,74,26.16,28,14,0,0,Hogar
13,39,23.78,20,28,2,0,Libros
14,49,5.87,12,49,11,1,Ropa
15,42,21.73,25,42,5,0,Ropa
16,74,2.32,5,25,4,1,Electronica
17,108,16.08,11,43,14,1,Libros
18,66,15.39,25,1,1,0,Ropa
19,11,0.39,7,19,8,1,Electronica
20,66,23.27,4,14,13,0,Libros
21,105,35.03,29,3,12,1,Deportes
22,26,4.67,14,21,9,0,Electronica
23,112,25.1,26,49,13,0,Deportes
24,53,1.29,15,37,3,0,Hogar
25,65,13.74,0,22,3,0,Hogar
26,48,9.97,15,25,4,1,Hogar
27,15,11.84,4,10,14,0,Hogar
28,1,39.1,2,27,7,1,Ropa
29,59,30.76,19,1,9,0,Hogar
30,53,23.06,14,7,3,1,Ropa
31,29,4.8,12,28,4,0,Ropa
32,83,36.43,23,10,11,0,Libros
33,37,1.54,15,36,3,0,Ropa
34,27,28.79,22,17,13,1,Ropa
35,24,5.97,10,49,5,0,Hogar
36,95,0.83,20,13,11,0,Ropa
37,9,16.6,1,9,2,0,Deportes
38,59,3.95,21,34,7,1,Hogar
39,41,4.19,26,8,5,0,Electronica
40,39,5.48,5,34,9,0,Hogar
41,96,0.99,25,10,4,0,Ropa
42,76,2.92,25,43,12,1,Deportes
43,119,0.08,29,11,14,1,Hogar
44,104,8.84,26,2,1,0,Deportes
45,117,1.32,5,38,9,0,Electronica
46,41,17.22,13,13,9,0,Electronica
47,46,4.03,24,27,6,0,Libros
48,36,43.12,10,10,1,0,Libros
49,117,30.75,7,38,0,1,Hogar
50,79,5.13,7,24,6,0,Libros
51,108,22.93,0,20,4,1,Deportes
52,21,24.39,20,9,0,0,Libros
53,56,64.65,6,42,14,1,Deportes
54,83,13.66,5,14,3,0,Libros
55,113,1.28,20,18,11,0,Libros
56,106,15.61,7,47,12,0,Libros
57,26,14.71,18,21,3,0,Ropa
58,40,15.26,21,20,9,0,Ropa
59,79,5.5,20,43,6,1,Libros
60,33,29.46,23,31,8,1,Deportes
61,31,48.09,19,49,1,0,Hogar
62,89,3.68,7,22,11,0,Electronica
63,88,1.38,25,12,13,0,Ropa
64,65,3.25,13,4,0,0,Libros
65,11,25.77,17,3,1,0,Electronica
66,39,16.94,24,27,6,1,Ropa
67,72,15.16,28,13,12,1,Hogar
68,75,7.71,15,7,9,1,Deportes
69,89,12.94,8,8,5,0,Libros
70,72,5.52,14,34,3,1,Hogar
71,9,9.73,29,36,0,1,Ropa
72,95,23.63,25,20,12,0,Libros
73,97,59.64,9,17,0,0,Electronica
74,47,40.43,28,32,4,1,Deportes
75,19,40.74,21,7,14,0,Ropa
76,38,7.72,15,48,0,0,Deportes
77,59,9.49,3,16,11,0,Libros
78,65,18.34,19,42,14,0,Hogar
79,64,38.3,12,30,6,0,Deportes
80,50,2.3,21,33,12,1,Electronica
81,35,5.44,4,5,10,1,Ropa
82,23,2.25,21,21,0,1,Electronica
83,117,14.2,6,13,0,0,Deportes
84,26,5.49,22,2,1,1,Hogar
85,1,5.92,8,11,12,0,Hogar
86,30,1.1,7,35,13,0,Electronica
87,56,6.46,28,11,10,0,Libros
88,77,29.76,15,44,11,0,Libros
89,65,3.98,5,1,9,0,Hogar
90,28,17.82,27,1,2,0,Electronica
91,14,14.9,15,14,12,0,Electronica
92,11,29.87,5,22,10,0,Electronica
93,100,2.13,13,28,14,1,Deportes
94,27,56.97,20,16,0,0,Libros
95,83,13.11,0,31,14,1,Libros
96,102,80.97,24,6,8,0,Deportes
97,23,36.37,8,29,9,0,Ropa
98,20,3.76,24,27,7,1,Deportes
99,9,0.87,26,13,4,0,Electronica
100,109,4.43,23,43,12,0,Deportes
101,77,11.25,12,29,10,1,Electronica
102,100,2.82,25,16,1,0,Hogar
103,17,2.75,28,31,4,1,Electronica
104,87,9.32,18,45,5,0,Libros
105,13,0.51,16,5,13,0,Deportes
106,33,1.95,10,23,14,0,Electronica
107,57,8.06,27,5,0,0,Ropa
108,75,0.98,27,26,10,1,Hogar
109,21,7.58,7,17,3,1,Ropa
110,119,9.64,22,23,8,0,Ropa
111,69,9.0,28,36,1,0,Ropa
112,35,30.51,4,23,4,1,Hogar
113,44,11.33,9,37,0,0,Hogar
114,35,9.47,6,33,3,0,Hogar
115,21,7.93,9,39,3,0,Hogar
116,77,25.53,3,46,5,0,Ropa
117,79,33.82,8,14,9,1,Libros
118,60,28.78,26,10,8,1,Libros
119,99,16.79,25,21,2,0,Hogar
120,55,2.22,13,23,8,0,Deportes
121,88,4.86,1,0,5,0,Electronica
122,95,0.71,24,17,6,0,Deportes
123,32,40.07,8,43,11,0,Deportes
124,44,16.22,20,11,9,1,Deportes
125,35,20.58,26,42,1,0,Libros
126,19,5.6,0,27,10,0,Electronica
127,17,28.03,22,39,9,0,Deportes
128,37,4.51,9,6,13,0,Hogar
129,66,0.02,9,22,5,0,Libros
130,22,7.08,19,20,5,1,Hogar
131,95,12.69,24,33,1,0,Hogar
132,108,9.77,21,10,1,1,Deportes
133,15,29.72,28,21,13,0,Hogar
134,58,1.67,2,41,1,0,Electronica
135,68,12.11,5,34,9,0,Hogar
136,67,10.79,28,28,11,0,Deportes
137,20,4.96,25,41,0,0,Hogar
138,103,25.91,5,27,4,0,Libros
139,114,20.97,20,17,7,1,Libros
140,77,19.8,1,13,1,1,Libros
141,102,31.34,25,17,12,0,Ropa
142,94,19.24,25,27,14,0,Libros
143,77,3.96,17,23,4,0,Libros
144,69,18.34,22,7,11,0,Ropa
145,11,5.52,1,41,7,0,Libros
146,15,4.16,11,44,9,1,Deportes
147,80,1.14,21,7,13,0,Libros
148,108,20.44,4,3,4,0,Libros
149,86,18.62,19,26,1,0,Ropa
150,13,4.01,6,35,2,0,Deportes
151,60,20.76,23,4,14,1,Hogar
152,70,37.49,15,32,5,0,Electronica
153,45,1.71,19,48,10,0,Deportes
154,31,3.97,0,33,10,1,Hogar
155,14,20.81,0,29,4,0,Deportes
156,43,4.81,16,7,10,1,Hogar
157,16,14.7,26,38,3,0,Hogar
158,40,1.27,0,46,3,0,Deportes
159,53,9.03,20,25,4,1,Ropa
160,110,20.15,19,36,1,0,Deportes
161,43,17.4,12,33,8,0,Deportes
162,97,25.32,29,6,1,0,Hogar
163,4,31.49,8,39,9,0,Electronica
164,108,22.25,14,27,1,1,Hogar
165,26,16.7,2,38,9,1,Libros
166,115,0.48,13,38,13,1,Deportes
167,86,11.48,22,27,8,1,Deportes
168,103,0.58,10,13,13,0,Ropa
169,77,24.76,23,49,2,0,Hogar
170,78,5.8,21,37,14,0,Ropa
171,42,12.4,11,3,9,0,Deportes
172,96,4.92,12,41,6,0,Hogar
173,116,22.88,25,17,3,1,Hogar
174,30,32.64,12,43,12,0,Libros
175,98,7.63,0,47,12,0,Libros
176,16,29.81,23,24,5,0,Electronica
177,91,4.66,9,6,13,1,Libros
178,82,11.47,2,37,3,1,Hogar
179,109,29.36,23,27,9,1,Libros
180,53,5.92,27,4,14,0,Electronica
181,61,46.2,3,2,6,1,Deportes
182,86,1.95,15,43,0,0,Libros
183,31,0.28,7,30,2,1,Hogar
184,39,35.17,15,46,12,0,Deportes
185,12,1.07,26,41,2,0,Hogar
186,83,72.22,16,19,0,0,Deportes
187,34,45.36,18,18,5,1,Hogar
188,4,2.21,21,47,14,0,Libros
189,72,11.57,14,10,12,1,Libros
190,28,3.07,15,39,10,0,Electronica
191,69,8.38,14,2,13,0,Deportes
192,24,0.95,24,22,8,0,Electronica
193,94,3.8,1,6,7,0,Ropa
194,21,6.77,10,22,10,0,Libros
195,65,8.66,0,6,6,0,Deportes
196,44,56.91,14,45,9,1,Electronica
197,68,24.74,25,33,7,0,Electronica
198,90,20.06,18,41,5,1,Ropa
199,88,11.55,3,18,8,0,Electronica
200,71,27.49,10,8,2,1,Hogar
201,118,6.22,4,47,14,0,Libros
202,0,18.51,2,17,9,0,Electronica
203,83,76.21,12,40,9,0,Electronica
204,43,5.67,9,47,8,0,Ropa
205,86,16.81,10,44,3,1,Hogar
206,95,27.9,17,41,6,0,Electronica
207,74,37.12,1,24,14,0,Libros
208,38,18.98,6,13,12,1,Libros
209,110,5.0,8,43,8,0,Electronica
210,53,5.92,9,24,1,1,Hogar
211,87,0.31,17,18,1,0,Libros
212,74,21.46,22,38,8,1,Libros
213,28,0.66,6,14,11,0,Hogar
214,53,30.0,26,15,12,0,Hogar
215,89,1.89,6,26,2,0,Electronica
216,15,2.83,2,39,8,1,Deportes
217,98,9.71,11,9,12,0,Ropa
218,19,20.08,6,3,14,0,Deportes
219,45,2.24,16,18,4,1,Deportes
220,66,8.7,25,27,5,1,Libros
221,64,9.89,0,20,1,1,Hogar
222,57,3.58,4,46,7,1,Libros
223,52,1.84,15,13,10,0,Ropa
224,110,27.16,14,32,8,0,Electronica
225,0,10.47,1,47,1,1,Ropa
226,80,0.22,8,9,5,1,Libros
227,65,24.37,6,18,5,0,Libros
228,28,59.29,3,29,7,0,Libros
229,83,13.97,19,21,9,1,Libros
230,69,10.51,17,2,11,0,Deportes
231,7,31.61,20,36,4,0,Electronica
232,28,45.71,3,40,8,0,Deportes
233,111,21.07,27,17,0,0,Libros
234,50,8.84,12,10,8,1,Hogar
235,32,13.46,0,47,9,0,Deportes
236,2,18.11,27,1,6,1,Libros
237,59,3.24,23,11,3,0,Libros
238,34,8.89,2,5,2,0,Electronica
239,68,26.56,15,42,13,1,Ropa
240,90,15.95,29,39,9,0,Deportes
241,107,7.95,21,43,14,0,Deportes
242,75,16.33,3,28,10,0,Deportes
243,83,1.89,24,29,13,0,Libros
244,108,7.7,22,1,5,0,Electronica
245,19,23.63,24,8,11,1,Libros
246,72,3.74,15,46,12,1,Libros
247,38,3.09,25,1,0,1,Hogar
248,3,45.18,18,28,2,0,Electronica
249,114,3.53,0,32,1,0,Deportes
250,117,4.54,4,9,10,0,Ropa
251,18,52.41,18,33,12,0,Deportes
252,101,19.9,21,43,8,0,Libros
253,90,18.04,23,7,2,0,Electronica
254,44,28.75,10,36,12,1,Electronica
255,42,1.85,12,32,1,0,Electronica
256,12,18.36,19,46,3,0,Hogar
257,12,10.51,4,5,14,1,Deportes
258,59,26.5,20,43,13,0,Hogar
259,56,10.64,3,39,1,1,Ropa
260,85,14.52,3,44,0,1,Libros
261,91,9.74,3,18,5,1,Hogar
262,51,9.76,3,31,14,0,Hogar
263,110,21.91,19,26,9,1,Libros
264,52,14.86,20,0,7,0,Electronica
265,108,15.05,17,42,9,1,Libros
266,85,8.98,17,32,9,0,Deportes
267,42,11.36,15,39,1,0,Libros
268,82,20.54,8,31,13,0,Electronica
269,71,26.23,17,4,8,0,Libros
270,115,17.89,21,16,14,1,Hogar
271,71,38.67,1,7,12,1,Ropa
272,41,25.75,20,41,2,1,Hogar
273,89,12.38,3,33,7,0,Ropa
274,111,16.69,11,8,11,1,Libros
275,114,39.12,6,22,7,0,Deportes
276,25,14.48,14,34,14,1,Libros
277,22,26.13,6,49,2,1,Electronica
278,42,17.51,28,6,2,0,Libros
279,76,12.04,21,14,11,1,Ropa
280,27,4.15,25,19,14,0,Hogar
281,8,8.33,20,49,5,0,Deportes
282,19,51.51,16,24,0,0,Libros
283,55,16.08,15,2,3,0,Libros
284,82,12.47,27,45,0,1,Hogar
285,111,40.54,18,23,13,0,Deportes
286,38,13.25,8,33,2,0,Libros
287,50,11.2,13,45,8,0,Libros
288,11,21.36,16,21,13,1,Ropa
289,78,18.71,4,10,13,1,Ropa
290,94,3.22,1,47,4,1,Electronica
291,54,9.56,19,7,11,1,Hogar
292,77,9.59,15,38,4,0,Deportes
293,10,7.13,13,42,10,0,Libros
294,25,10.93,13,34,3,0,Libros
295,41,7.99,26,48,2,0,Electronica
296,26,3.33,0,45,4,1,Libros
297,10,7.97,2,37,14,0,Hogar
298,37,1.13,25,7,13,1,Electronica
299,97,12.86,6,36,10,0,Hogar
300,42,28.83,25,26,3,0,Electronica
301,18,19.38,14,27,7,0,Libros
302,63,6.7,18,39,3,1,Electronica
303,5,1.37,19,33,10,1,Ropa
304,45,3.39,1,31,11,1,Deportes
305,115,11.83,18,14,7,0,Libros
306,101,3.48,8,43,5,1,Deportes
307,112,11.78,18,16,14,0,Libros
308,41,3.95,26,32,13,0,Deportes
309,91,28.35,4,46,11,1,Ropa
310,64,7.59,17,45,10,0,Deportes
311,98,4.23,15,15,4,1,Electronica
312,103,25.1,3,28,3,0,Deportes
313,71,6.3,11,8,3,0,Libros
314,58,1.77,28,32,11,1,Hogar
315,51,12.67,6,48,3,0,Deportes
316,117,13.07,13,28,10,1,Deportes
317,46,18.81,22,12,12,0,Deportes
318,119,4.12,11,20,12,1,Libros
319,6,8.8,2,20,8,0,Deportes
320,10,4.98,4,4,3,0,Libros
321,102,1.27,16,9,11,0,Libros
322,60,31.39,25,5,8,0,Hogar
323,67,19.58,9,12,12,1,Electronica
324,24,5.38,9,0,9,0,Libros
325,11,13.72,10,19,5,0,Ropa
326,25,3.37,16,46,9,0,Deportes
327,101,33.14,4,45,12,0,Ropa
328,109,1.83,12,7,6,1,Deportes
329,11,0.06,9,9,11,1,Hogar
330,42,10.46,8,8,9,0,Libros
331,50,13.12,16,48,2,1,Electronica
332,116,12.98,0,40,7,0,Libros
333,36,0.84,3,2,2,0,Deportes
334,45,5.65,3,10,0,1,Electronica
335,52,10.37,17,11,12,0,Libros
336,87,3.66,8,9,12,1,Electronica
337,79,30.91,29,24,9,1,Deportes
338,12,1.37,24,48,11,0,Hogar
339,88,10.02,28,48,4,1,Hogar
340,117,17.64,28,24,1,1,Libros
341,53,4.55,17,10,9,0,Ropa
342,56,14.68,13,35,13,1,Deportes
343,115,26.53,24,38,5,0,Libros
344,117,3.17,14,25,12,1,Libros
345,3,37.37,5,13,9,1,Hogar
346,74,12.1,23,38,8,0,Electronica
347,95,5.33,9,39,0,0,Deportes
348,48,8.45,28,0,13,1,Electronica
349,6,5.61,14,3,12,0,Deportes
350,109,19.37,28,29,3,0,Ropa
351,10,23.87,3,11,14,0,Hogar
352,91,26.84,17,34,0,0,Ropa
353,53,63.78,17,12,0,0,Libros
354,104,23.5,24,30,7,0,Hogar
355,86,13.8,16,37,13,0,Libros
356,44,6.22,11,42,13,1,Ropa
357,22,11.8,6,22,12,0,Deportes
358,113,0.63,15,3,13,0,Libros
359,27,20.49,10,15,10,0,Electronica
360,106,8.86,13,6,14,0,Deportes
361,110,0.3,2,21,1,0,Deportes
362,56,0.97,18,28,0,0,Ropa
363,25,7.35,17,10,10,0,Ropa
364,24,13.14,29,32,7,1,Hogar
365,53,9.36,9,28,3,1,Hogar
366,28,14.48,5,38,2,1,Electronica
367,82,9.82,12,11,12,1,Deportes
368,96,16.26,9,6,11,1,Electronica
369,35,3.71,17,38,3,0,Electronica
370,13,1.8,25,41,13,1,Ropa
371,77,13.61,19,47,10,0,Electronica
372,34,9.94,25,25,4,1,Electronica
373,29,0.41,15,39,0,1,Libros
374,91,7.18,24,8,14,0,Hogar
375,16,1.68,24,40,13,0,Hogar
376,66,11.37,5,33,10,0,Deportes
377,79,7.56,12,44,0,1,Hogar
378,109,14.25,3,12,2,1,Deportes
379,29,24.57,22,35,5,1,Libros
380,115,5.34,13,24,0,0,Hogar
381,92,49.09,0,23,13,1,Libros
382,44,11.51,27,43,10,0,Hogar
383,78,14.45,19,16,11,1,Hogar
384,109,17.12,4,1,14,0,Libros
385,119,16.48,7,12,1,0,Electronica
386,88,10.73,11,30,14,0,Electronica
387,50,8.4,1,28,11,1,Electronica
388,101,0.83,11,49,13,1,Electronica
389,105,0.34,4,27,6,0,Hogar
390,46,6.65,21,26,13,0,Ropa
391,52,6.09,4,14,13,1,Libros
392,63,7.36,12,30,0,0,Ropa
393,117,2.23,8,39,12,1,Ropa
394,115,20.1,9,14,13,0,Deportes
395,37,29.17,0,32,14,0,Electronica
396,63,41.88,29,19,6,1,Hogar
397,86,10.17,2,41,14,1,Electronica
398,88,18.1,29,11,3,0,Electronica
399,105,29.02,17,36,9,0,Ropa
400,6,8.13,11,8,13,1,Deportes
401,21,5.55,28,22,5,0,Electronica
402,80,41.4,2,7,13,1,Libros
403,81,10.88,25,31,7,0,Libros
404,112,10.32,24,47,8,0,Electronica
405,40,2.95,28,13,5,1,Ropa
406,73,1.72,29,26,11,1,Ropa
407,9,27.69,8,24,10,0,Hogar
408,56,14.28,25,12,12,1,Deportes
409,6,5.91,1,20,14,0,Ropa
410,111,3.19,29,44,13,0,Hogar
411,49,12.16,2,30,8,1,Libros
412,101,13.15,13,36,3,1,Libros
413,90,3.48,3,47,5,1,Libros
414,51,28.6,24,42,7,0,Electronica
415,32,1.32,18,4,8,0,Deportes
416,0,6.6,12,12,2,0,Hogar
417,107,17.11,6,27,1,0,Deportes
418,52,4.81,11,42,5,1,Electronica
419,59,26.38,2,24,3,0,Hogar
420,33,20.2,22,34,0,1,Hogar
421,3,23.34,22,46,7,0,Ropa
422,16,1.9,8,38,8,0,Deportes
423,3,2.27,1,6,13,0,Deportes
424,42,5.06,28,37,8,0,Ropa
425,117,10.95,21,31,1,0,Libros
426,89,20.68,8,2,8,1,Electronica
427,3,27.17,11,44,6,0,Deportes
428,0,18.28,11,38,4,1,Ropa
429,70,39.59,14,36,6,0,Hogar
430,93,20.13,1,49,12,1,Ropa
431,49,5.49,17,21,8,0,Libros
432,72,4.62,12,7,7,1,Electronica
433,60,17.87,13,16,5,0,Libros
434,34,3.21,4,26,12,1,Hogar
435,7,1.46,25,32,3,1,Hogar
436,23,11.4,9,45,12,0,Hogar
437,82,25.86,11,16,14,0,Hogar
438,35,1.6,9,41,0,0,Ropa
439,49,23.55,23,11,5,1,Hogar
440,115,25.04,10,47,2,0,Hogar
441,42,9.87,24,45,5,0,Ropa
442,26,0.89,1,26,5,0,Hogar
443,31,2.88,4,47,13,0,Libros
444,77,18.44,29,7,3,1,Libros
445,17,18.66,6,22,1,0,Deportes
446,27,34.29,5,41,14,1,Libros
447,28,13.11,21,48,8,1,Electronica
448,15,1.99,22,28,1,0,Electronica
449,98,1.94,2,49,2,1,Electronica
450,46,19.16,12,19,9,0,Ropa
451,58,3.05,2,15,0,1,Libros
452,30,5.97,25,16,6,0,Electronica
453,3,10.02,24,15,14,1,Deportes
454,36,0.38,29,18,0,0,Ropa
455,16,4.29,23,7,10,0,Deportes
456,38,7.86,20,37,8,0,Libros
457,47,4.92,5,37,10,0,Hogar
458,45,2.2,10,28,10,1,Deportes
459,89,19.53,27,40,0,0,Hogar
460,47,25.16,25,35,4,1,Ropa
461,38,4.47,16,25,6,0,Deportes
462,104,22.34,9,30,2,1,Deportes
463,3,7.31,11,43,8,0,Ropa
464,29,10.6,16,11,7,0,Ropa
465,29,29.07,3,16,12,0,Electronica
466,21,20.79,1,14,14,1,Libros
467,74,24.53,10,8,2,0,Deportes
468,65,2.21,6,38,14,1,Deportes
469,107,1.08,1,41,4,1,Ropa
470,11,33.58,25,47,6,0,Ropa
471,93,7.36,17,11,11,1,Libros
472,35,5.09,20,31,13,0,Ropa
473,17,19.35,3,24,3,0,Hogar
474,89,27.16,7,38,4,1,Hogar
475,52,29.76,19,17,2,1,Hogar
476,70,5.7,13,14,8,1,Hogar
477,0,28.68,11,31,9,0,Libros
478,57,0.63,21,5,8,0,Deportes
479,89,0.76,20,43,6,0,Hogar
480,86,14.65,26,42,9,1,Ropa
481,89,0.98,29,34,1,0,Hogar
482,108,5.89,17,33,6,1,Libros
483,5,16.76,10,37,6,0,Ropa
484,69,6.17,28,4,10,0,Hogar
485,43,2.97,27,17,4,0,Deportes
486,71,4.96,29,15,8,0,Ropa
487,23,9.18,7,7,12,0,Ropa
488,85,9.68,1,24,11,1,Deportes
489,18,22.92,24,31,10,1,Ropa
490,100,20.8,14,25,2,0,Hogar
491,17,9.15,8,21,3,0,Ropa
492,94,28.03,18,30,0,0,Hogar
493,100,1.82,19,42,5,1,Deportes
494,29,4.42,7,9,3,0,Electronica
495,41,26.4,24,11,0,1,Deportes
496,32,7.12,18,27,1,0,Hogar
497,73,59.59,4,5,14,0,Libros
498,100,9.42,10,19,2,1,Deportes
499,11,23.55,14,4,8,0,Libros
500,117,7.72,7,22,12,0,Libros
501,93,8.3,18,8,7,0,Hogar
502,26,7.24,22,28,6,0,Hogar
503,38,19.05,26,15,12,0,Electronica
504,8,11.9,7,45,14,1,Ropa
505,117,43.18,25,21,10,1,Deportes
506,20,4.33,26,7,11,0,Hogar
507,75,1.59,29,19,13,1,Deportes
508,118,7.49,18,13,3,0,Libros
509,28,14.38,17,38,0,0,Ropa
510,32,29.58,9,36,7,0,Electronica
511,106,6.37,28,49,3,0,Deportes
512,61,15.91,6,33,2,0,Ropa
513,116,6.47,27,10,8,1,Electronica
514,14,14.4,8,39,9,0,Deportes
515,1,32.42,0,32,3,0,Ropa
516,51,3.95,18,30,3,0,Hogar
517,102,7.77,4,43,13,1,Deportes
518,116,75.01,18,33,8,1,Ropa
519,43,30.44,0,49,12,0,Electronica
520,53,12.47,14,6,11,0,Ropa
521,17,10.9,15,48,10,0,Hogar
522,2,5.02,22,22,11,0,Deportes
523,6,10.92,6,45,13,0,Deportes
524,42,28.28,25,6,1,0,Deportes
525,81,17.34,11,24,13,0,Hogar
526,107,5.14,7,2,11,0,Electronica
527,37,3.37,4,37,4,0,Deportes
528,36,4.62,9,19,14,1,Electronica
529,57,2.79,27,33,3,1,Ropa
530,32,1.51,20,48,8,0,Electronica
531,107,8.15,4,43,11,0,Electronica
532,58,1.8,16,43,4,0,Deportes
533,94,2.83,25,29,8,0,Libros
534,10,11.89,4,16,10,1,Libros
535,67,2.7,21,9,8,0,Hogar
536,81,0.99,14,34,13,1,Hogar
537,67,5.73,12,19,1,1,Libros
538,112,3.73,27,17,13,0,Ropa
539,97,10.86,0,44,14,0,Deportes
540,92,1.62,10,43,8,0,Deportes
541,87,20.9,22,26,2,0,Ropa
542,21,35.5,0,48,3,0,Ropa
543,65,20.41,10,35,0,0,Libros
544,43,11.42,17,22,13,1,Hogar
545,5,29.56,17,31,0,0,Ropa
546,41,17.81,20,9,0,0,Hogar
547,24,0.16,29,10,8,1,Electronica
548,118,7.52,25,37,10,1,Deportes
549,56,28.55,15,5,7,0,Libros
550,84,6.37,12,40,4,1,Deportes
551,54,0.54,6,46,4,0,Libros
552,15,20.57,0,33,8,0,Electronica
553,94,24.3,25,35,2,0,Deportes
554,13,2.63,15,36,2,0,Electronica
555,38,11.56,0,16,6,1,Libros
556,27,3.2,16,39,8,1,Ropa
557,95,19.05,5,39,5,1,Deportes
558,91,4.75,1,11,13,0,Electronica
559,50,5.7,16,20,1,0,Deportes
560,118,27.96,5,39,0,0,Deportes
561,48,9.7,13,18,1,0,Deportes
562,8,16.62,17,2,13,1,Hogar
563,57,7.72,5,17,13,1,Electronica
564,44,5.31,9,18,0,0,Electronica
565,21,14.73,23,46,9,0,Deportes
566,31,2.52,17,5,9,0,Ropa
567,68,7.0,26,15,8,0,Deportes
568,86,3.52,8,7,14,0,Hogar
569,68,17.85,7,47,9,0,Libros
570,41,43.29,27,17,14,0,Hogar
571,52,81.09,9,47,11,0,Ropa
572,95,8.98,16,42,13,0,Deportes
573,58,4.37,22,38,12,0,Electronica
574,73,8.77,29,48,7,1,Deportes
575,38,28.19,28,48,14,0,Ropa
576,14,3.46,25,11,6,1,Electronica
577,70,45.58,5,44,14,0,Hogar
578,28,6.28,13,9,2,0,Libros
579,110,63.82,21,6,7,0,Libros
580,2,27.36,21,45,1,0,Deportes
581,82,24.8,5,0,1,1,Hogar
582,9,5.74,25,48,10,0,Ropa
583,91,0.13,6,35,9,1,Libros
584,28,7.22,11,20,2,1,Hogar
585,78,5.39,2,36,6,0,Deportes
586,34,0.57,13,23,0,0,Electronica
587,5,10.56,21,24,7,1,Deportes
588,11,7.74,18,6,11,0,Deportes
589,110,15.1,22,41,6,1,Hogar
590,37,14.56,15,16,3,0,Libros
591,76,1.93,6,28,13,0,Hogar
592,92,56.56,7,29,14,0,Electronica
593,18,3.1,17,6,4,0,Hogar
594,66,8.84,24,32,9,1,Ropa
595,7,10.04,12,6,12,0,Deportes
596,7,25.15,20,23,0,1,Libros
597,118,1.57,8,10,3,0,Electronica
598,83,8.4,9,8,14,0,Deportes
599,46,14.85,20,11,0,0,Hogar
600,3,3.63,22,34,0,0,Ropa
601,50,14.81,26,3,9,0,Hogar
602,84,38.59,8,35,0,0,Deportes
603,66,89.98,14,27,6,1,Electronica
604,44,0.49,19,12,6,0,Libros
605,7,4.03,1,22,3,0,Deportes
606,86,5.57,24,18,14,1,Electronica
607,15,7.64,12,41,12,1,Deportes
608,76,4.16,1,36,11,0,Ropa
609,66,3.41,18,38,1,0,Hogar
610,111,46.37,25,23,11,1,Libros
611,8,37.61,1,15,2,0,Electronica
612,59,0.72,2,32,7,0,Libros
613,77,6.21,5,11,12,0,Libros
614,76,7.79,2,33,7,1,Libros
615,116,4.1,9,6,10,0,Electronica
616,70,14.87,23,10,10,1,Electronica
617,14,15.34,26,30,5,0,Libros
618,70,28.51,5,28,14,1,Hogar
619,101,20.26,22,12,9,0,Deportes
620,97,11.73,15,30,8,0,Libros
621,40,15.9,16,1,10,1,Ropa
622,21,4.8,18,38,11,0,Libros
623,23,13.49,2,14,8,0,Electronica
624,112,10.08,17,10,3,0,Deportes
625,100,2.15,6,33,11,0,Ropa
626,43,4.17,8,38,0,0,Deportes
627,0,5.17,19,3,0,1,Deportes
628,9,38.72,11,10,14,0,Ropa
629,106,3.93,4,28,11,0,Libros
630,79,5.12,2,1,9,0,Libros
631,109,6.92,10,15,14,1,Libros
632,71,16.35,24,38,4,1,Hogar
633,55,1.89,29,12,13,0,Libros
634,112,46.17,3,36,12,0,Ropa
635,88,30.1,4,16,1,1,Hogar
636,49,12.91,0,20,14,0,Libros
637,11,16.81,26,43,5,1,Hogar
638,88,0.25,27,18,6,1,Ropa
639,80,6.21,28,6,0,1,Libros
640,59,23.82,17,37,5,0,Electronica
641,25,1.21,11,7,7,1,Ropa
642,109,4.98,12,12,11,1,Deportes
643,111,13.2,8,36,4,0,Deportes
644,77,4.44,1,1,13,0,Ropa
645,40,40.77,4,40,11,0,Deportes
646,35,2.11,12,10,6,0,Ropa
647,22,23.95,15,23,9,0,Electronica
648,42,10.64,15,5,5,0,Ropa
649,5,20.81,23,25,3,0,Libros
650,110,5.58,2,6,14,0,Libros
651,68,10.84,21,38,14,0,Hogar
652,42,29.16,3,18,6,1,Deportes
653,24,9.44,10,5,9,1,Deportes
654,17,6.69,22,42,8,0,Ropa
655,61,11.52,25,28,9,0,Deportes
656,12,18.95,13,42,9,0,Libros
657,42,8.79,28,38,12,1,Electronica
658,77,41.92,2,1,6,1,Ropa
659,27,5.24,15,18,11,1,Deportes
660,17,9.68,21,3,13,0,Libros
661,58,21.22,14,5,4,1,Hogar
662,59,17.53,27,48,6,0,Deportes
663,62,29.89,9,36,2,1,Electronica
664,56,86.21,8,27,1,0,Electronica
665,91,8.35,10,29,10,1,Deportes
666,50,1.77,15,6,14,0,Deportes
667,55,0.46,9,8,4,1,Libros
668,26,19.47,16,24,3,1,Deportes
669,31,31.07,18,32,4,0,Hogar
670,110,3.74,1,0,7,0,Libros
671,8,2.59,23,5,11,1,Ropa
672,103,0.96,22,17,3,0,Hogar
673,95,25.95,1,9,14,0,Libros
674,83,5.6,5,27,8,0,Libros
675,91,7.7,18,10,6,0,Electronica
676,96,10.48,7,32,9,0,Libros
677,67,27.44,25,0,12,0,Hogar
678,45,15.78,28,12,11,0,Deportes
679,97,14.32,2,36,6,0,Hogar
680,111,2.9,25,19,14,1,Ropa
681,66,10.8,13,0,12,1,Libros
682,25,18.85,24,2,12,1,Libros
683,7,54.32,15,17,7,0,Libros
684,5,3.37,0,40,11,1,Libros
685,79,0.14,20,13,5,0,Electronica
686,23,1.17,2,30,7,0,Electronica
687,47,7.07,21,26,2,1,Deportes
688,102,25.77,25,16,9,1,Libros
689,93,0.11,17,45,9,1,Ropa
690,44,9.15,8,28,13,1,Deportes
691,12,5.99,5,35,0,0,Libros
692,68,0.81,22,36,5,0,Electronica
693,24,8.97,20,25,0,1,Ropa
694,19,4.41,24,16,8,0,Deportes
695,117,6.51,0,21,13,0,Ropa
696,81,18.34,20,24,1,1,Libros
697,110,11.06,26,1,10,1,Hogar
698,81,2.0,9,21,1,0,Ropa
699,65,48.82,26,4,6,1,Ropa
700,73,15.16,5,3,1,1,Electronica
701,118,21.78,22,35,9,1,Libros
702,44,1.24,11,5,7,0,Ropa
703,113,0.72,3,20,5,0,Libros
704,46,0.29,27,12,13,0,Electronica
705,62,3.14,12,36,6,0,Libros
706,75,8.03,16,24,6,0,Electronica
707,110,41.19,26,25,5,0,Electronica
708,76,9.16,7,38,9,0,Deportes
709,113,5.14,25,19,10,1,Libros
710,110,12.38,19,32,8,0,Hogar
711,54,1.78,2,13,12,1,Deportes
712,74,14.11,11,35,8,1,Electronica
713,18,12.6,6,16,14,0,Hogar
714,34,23.55,11,20,6,1,Ropa
715,102,64.79,1,45,8,0,Ropa
716,52,4.33,23,15,12,0,Deportes
717,25,10.69,13,45,9,1,Hogar
718,109,35.93,21,15,2,0,Libros
719,13,23.07,22,19,2,1,Hogar
720,117,10.02,29,28,0,0,Deportes
721,44,43.61,4,27,4,1,Libros
722,43,0.88,8,7,14,0,Libros
723,87,40.1,20,23,3,1,Ropa
724,104,0.78,10,2,1,0,Hogar
725,64,11.89,4,24,8,1,Libros
726,50,33.17,2,18,2,1,Deportes
727,42,4.57,26,32,14,0,Ropa
728,118,9.59,16,1,7,1,Libros
729,85,5.88,1,14,5,0,Hogar
730,22,45.59,23,21,13,1,Ropa
731,55,26.03,0,9,12,0,Hogar
732,117,18.52,6,17,4,1,Hogar
733,18,13.29,29,21,0,1,Hogar
734,81,25.77,13,45,3,0,Ropa
735,75,7.47,4,48,2,0,Libros
736,54,8.9,18,26,0,0,Electronica
737,91,19.64,27,12,11,1,Libros
738,91,6.64,27,32,14,0,Ropa
739,59,0.99,10,4,4,0,Electronica
740,58,1.16,22,25,5,1,Electronica
741,32,1.84,24,12,1,0,Electronica
742,18,30.57,1,26,14,1,Deportes
743,27,9.59,7,13,13,0,Ropa
744,51,18.72,8,23,2,0,Deportes
745,48,7.49,26,2,10,1,Electronica
746,36,4.49,2,46,13,0,Deportes
747,25,6.4,1,48,14,0,Deportes
748,98,23.71,6,29,5,1,Ropa
749,97,14.72,4,34,3,0,Hogar
750,98,41.62,20,47,8,1,Deportes
751,39,17.08,25,13,4,1,Deportes
752,79,12.67,4,11,3,0,Electronica
753,37,14.13,19,27,1,0,Electronica
754,76,42.81,12,43,5,1,Electronica
755,86,23.28,20,28,9,0,Libros
756,53,0.37,28,42,1,0,Deportes
757,21,11.46,19,16,11,1,Electronica
758,15,17.49,28,39,12,0,Ropa
759,27,20.72,5,48,6,1,Libros
760,111,3.6,19,20,2,0,Hogar
761,34,30.28,17,22,8,0,Deportes
762,59,46.8,24,19,10,0,Deportes
763,44,4.05,1,10,4,1,Ropa
764,45,32.13,24,33,7,1,Hogar
765,71,1.53,25,9,10,1,Hogar
766,107,0.86,5,9,5,0,Libros
767,54,2.08,8,42,13,0,Deportes
768,118,0.89,24,5,11,0,Electronica
769,85,27.97,2,35,9,0,Ropa
770,84,0.91,0,23,7,0,Ropa
771,25,4.75,0,11,12,1,Ropa
772,103,1.64,18,42,12,0,Ropa
773,84,5.25,4,22,10,1,Electronica
774,24,1.42,12,26,11,0,Electronica
775,104,16.54,18,44,2,1,Libros
776,64,2.15,11,36,2,0,Deportes
777,5,28.64,15,5,4,0,Electronica
778,22,25.49,24,0,10,0,Libros
779,114,0.21,24,5,9,0,Hogar
780,63,33.91,18,49,2,0,Deportes
781,86,0.44,2,21,7,0,Electronica
782,42,4.11,11,40,9,0,Hogar
783,106,0.49,29,23,12,1,Libros
784,22,6.14,4,24,11,1,Electronica
785,95,10.82,1,14,13,1,Electronica
786,29,23.89,21,25,7,0,Hogar
787,76,6.19,6,7,1,1,Electronica
788,106,18.34,12,23,11,0,Ropa
789,17,3.11,24,47,3,0,Electronica
790,86,20.83,14,37,9,0,Deportes
791,78,4.04,21,5,12,0,Hogar
792,96,2.32,2,34,0,0,Deportes
793,20,3.08,27,41,3,0,Libros
794,56,3.01,20,0,11,0,Deportes
795,102,10.79,19,45,12,1,Ropa
796,22,27.95,4,35,12,1,Ropa
797,90,1.24,23,11,10,1,Deportes
798,44,18.41,7,37,12,1,Libros
799,43,15.93,21,10,3,0,Electronica
800,81,30.9,0,11,9,1,Ropa
801,87,4.2,7,41,8,1,Deportes
802,114,8.97,23,49,14,0,Deportes
803,46,39.02,17,38,2,0,Deportes
804,39,16.18,19,6,14,1,Electronica
805,50,7.38,27,10,1,0,Hogar
806,41,2.11,15,35,8,1,Libros
807,6,4.57,17,30,8,0,Hogar
808,49,13.06,19,32,0,0,Libros
809,47,19.0,11,12,5,0,Libros
810,83,1.99,12,17,9,0,Deportes
811,90,13.73,12,40,7,1,Ropa
812,5,11.99,9,23,2,1,Deportes
813,90,10.82,6,8,10,0,Electronica
814,8,17.57,24,30,8,0,Libros
815,116,27.25,13,40,1,1,Ropa
816,108,5.85,29,9,5,1,Libros
817,56,32.98,23,1,0,0,Libros
818,30,2.63,15,37,12,0,Deportes
819,20,2.85,14,14,6,1,Ropa
820,89,4.65,11,2,2,1,Ropa
821,39,1.91,8,42,6,0,Libros
822,111,3.93,7,30,3,0,Ropa
823,44,1.69,17,5,8,1,Ropa
824,76,25.87,22,2,4,1,Deportes
825,48,2.24,17,10,2,0,Hogar
826,86,20.63,12,14,14,0,Electronica
827,19,0.74,27,44,7,1,Hogar
828,100,44.5,26,27,5,0,Ropa
829,117,18.63,17,9,1,0,Libros
830,116,0.1,14,37,2,0,Electronica
831,91,21.65,3,46,7,0,Electronica
832,16,10.83,16,49,14,1,Libros
833,27,22.67,4,49,9,0,Electronica
834,40,11.09,21,6,6,1,Libros
835,65,15.37,15,14,9,0,Electronica
836,24,23.15,8,17,5,0,Hogar
837,57,7.79,9,17,13,0,Electronica
838,113,0.04,23,40,0,1,Deportes
839,40,28.45,17,23,8,1,Libros
840,5,7.19,16,1,2,0,Electronica
841,74,10.28,17,39,13,1,Libros
842,37,0.12,6,19,4,1,Deportes
843,5,10.16,3,33,6,1,Electronica
844,44,64.56,25,42,14,0,Electronica
845,74,4.89,4,25,6,1,Deportes
846,13,7.55,27,6,2,0,Deportes
847,65,17.43,22,37,14,0,Deportes
848,39,25.29,15,29,3,1,Libros
849,2,8.1,2,41,9,0,Deportes
850,118,5.56,25,4,6,0,Libros
851,116,41.67,17,10,7,0,Hogar
852,98,16.96,28,0,1,1,Electronica
853,96,1.9,22,33,8,1,Electronica
854,23,1.07,20,0,6,0,Ropa
855,18,9.91,13,18,12,1,Hogar
856,17,3.73,14,1,7,0,Deportes
857,63,4.4,16,20,5,0,Deportes
858,112,31.52,0,19,5,1,Hogar
859,115,1.41,24,22,8,0,Deportes
860,87,18.85,20,20,3,0,Ropa
861,108,4.74,16,23,10,0,Libros
862,34,21.43,22,3,10,1,Electronica
863,61,19.22,24,11,4,0,Hogar
864,0,0.11,10,21,8,1,Electronica
865,99,10.67,16,19,0,1,Libros
866,24,2.25,25,17,3,0,Hogar
867,44,30.17,13,0,6,1,Libros
868,48,30.79,28,29,10,0,Deportes
869,106,8.13,19,32,14,0,Deportes
870,97,8.82,29,23,8,1,Deportes
871,88,5.42,18,13,14,1,Libros
872,15,18.91,20,35,13,0,Libros
873,97,6.66,6,4,12,0,Libros
874,92,4.68,23,10,10,0,Electronica
875,18,8.49,12,23,11,0,Libros
876,22,1.44,17,30,12,0,Deportes
877,82,20.59,22,12,9,0,Ropa
878,24,0.19,29,15,5,1,Libros
879,15,15.51,13,23,11,0,Ropa
880,53,3.03,0,12,7,0,Deportes
881,114,3.97,6,23,12,1,Libros
882,72,15.14,7,25,8,1,Electronica
883,0,74.31,17,1,9,0,Electronica
884,41,22.56,8,15,3,0,Ropa
885,18,3.84,0,37,0,1,Electronica
886,96,2.9,28,45,13,0,Electronica
887,33,30.17,21,0,7,0,Electronica
888,79,8.81,16,48,1,1,Deportes
889,107,2.21,18,10,10,0,Electronica
890,103,29.73,26,34,0,0,Hogar
891,54,25.4,5,42,12,0,Libros
892,17,61.94,2,28,6,0,Electronica
893,33,36.08,23,36,11,0,Electronica
894,88,28.64,4,16,9,1,Electronica
895,44,0.81,1,38,8,0,Hogar
896,5,1.65,19,41,10,0,Electronica
897,20,12.62,24,27,14,0,Electronica
898,69,11.37,3,28,11,1,Libros
899,95,9.19,9,42,11,0,Hogar
900,104,7.58,9,2,8,0,Hogar
901,47,8.46,23,9,2,1,Electronica
902,106,12.64,20,41,5,0,Hogar
903,38,0.03,10,13,6,0,Ropa
904,30,4.53,26,11,13,0,Hogar
905,105,10.96,15,46,9,0,Hogar
906,9,19.21,25,41,8,0,Hogar
907,29,2.87,28,29,14,1,Deportes
908,115,11.87,28,31,1,0,Deportes
909,17,18.8,29,31,7,0,Deportes
910,59,8.82,16,41,13,0,Hogar
911,87,0.41,15,31,6,0,Ropa
912,115,8.95,6,25,3,0,Hogar
913,72,5.27,15,0,1,1,Electronica
914,94,39.81,2,41,7,0,Ropa
915,14,2.0,25,1,10,1,Deportes
916,3,15.85,15,16,4,0,Libros
917,62,0.81,7,29,5,0,Ropa
918,39,8.86,29,38,13,0,Deportes
919,8,12.11,11,6,10,0,Ropa
920,108,5.31,2,26,6,0,Ropa
921,8,9.11,16,8,14,0,Hogar
922,25,2.68,20,21,14,1,Electronica
923,3,5.44,17,33,9,0,Libros
924,80,14.56,10,45,0,0,Deportes
925,15,5.39,3,48,7,0,Ropa
926,14,34.5,15,0,3,0,Libros
927,98,14.85,16,8,12,0,Ropa
928,51,8.66,8,19,8,0,Electronica
929,68,0.59,5,18,0,0,Libros
930,118,10.38,23,35,10,1,Deportes
931,4,21.71,26,39,1,1,Ropa
932,19,4.63,19,44,13,0,Electronica
933,78,24.66,24,3,5,0,Libros
934,17,4.35,1,8,10,1,Ropa
935,110,26.04,8,40,9,0,Ropa
936,1,1.34,27,21,10,0,Deportes
937,92,30.17,20,17,13,0,Electronica
938,12,10.37,28,11,0,0,Hogar
939,3,5.28,5,41,3,0,Ropa
940,41,4.62,2,42,7,0,Libros
941,108,8.48,19,38,14,0,Deportes
942,73,104.38,5,8,9,0,Deportes
943,60,3.73,6,5,4,1,Ropa
944,94,1.63,0,18,12,0,Ropa
945,104,13.19,22,47,8,0,Ropa
946,7,10.06,0,46,10,0,Hogar
947,66,11.14,4,6,10,1,Ropa
948,111,16.49,5,15,5,1,Electronica
949,62,4.66,12,4,0,1,Libros
950,109,36.23,1,15,5,0,Ropa
951,8,8.58,14,0,5,1,Hogar
952,93,2.07,14,36,12,1,Libros
953,116,20.34,12,38,5,0,Deportes
954,10,15.45,25,18,7,0,Ropa
955,98,5.69,24,36,14,0,Libros
956,100,14.57,13,16,5,1,Deportes
957,41,3.72,25,25,4,0,Hogar
958,12,8.83,21,21,14,0,Electronica
959,35,34.45,6,7,10,1,Ropa
960,119,2.15,13,32,1,1,Electronica
961,12,7.33,25,1,3,1,Hogar
962,11,25.82,23,29,13,1,Libros
963,36,52.35,26,46,14,0,Libros
964,73,9.08,28,19,9,1,Hogar
965,119,10.61,9,17,4,0,Hogar
966,72,12.74,16,42,9,1,Ropa
967,51,40.4,13,9,3,0,Deportes
968,70,29.3,7,23,1,1,Electronica
969,1,2.81,3,3,6,1,Electronica
970,117,8.61,25,36,9,1,Libros
971,55,9.35,15,3,9,0,Libros
972,59,23.35,23,12,1,0,Ropa
973,22,13.85,12,24,0,1,Hogar
974,102,15.93,21,12,13,0,Electronica
975,39,94.8,26,17,4,1,Ropa
976,63,1.17,24,23,11,0,Libros
977,102,3.78,26,1,12,1,Libros
978,84,7.86,19,47,0,0,Electronica
979,22,6.41,17,32,0,1,Libros
980,28,0.33,13,18,14,1,Libros
981,77,1.44,17,8,0,0,Deportes
982,89,17.14,4,27,5,0,Hogar
983,50,31.72,25,34,8,0,Libros
984,68,10.83,8,38,9,0,Deportes
985,118,11.62,27,9,12,0,Ropa
986,94,4.42,2,0,10,1,Libros
987,88,21.91,7,41,11,0,Ropa
988,30,20.9,19,20,0,0,Libros
989,49,13.31,21,8,4,0,Electronica
990,19,3.59,9,46,14,0,Deportes
991,107,1.53,21,14,8,0,Deportes
992,54,1.0,18,34,13,1,Electronica
993,80,13.47,29,4,8,1,Hogar
994,108,26.15,20,40,0,0,Deportes
995,1,29.31,27,21,7,0,Ropa
996,24,9.34,2,40,0,1,Deportes
997,12,23.01,10,22,14,0,Hogar
998,102,44.03,10,6,7,0,Ropa
999,91,4.83,16,22,0,0,Ropa
1000,105,7.61,15,43,11,0,Electronica
